"word","new_label"
"20th Century Fox","USA"
"A Coruña","Spain"
"A-Tec","Austria"
"A1","Austria"
"A2A","Italy"
"ABB","Switzerland"
"ABC","USA"
"ABI","UK"
"ABN","Netherlands"
"ABN AMRO","Netherlands"
"ABN Amro","Netherlands"
"ACS","Spain"
"ADAC","Germany"
"ADP","France"
"AEB","Spain"
"AENA","Spain"
"AFP","France"
"AGF","France"
"AIG","USA"
"AK","Austria"
"AKP","Türkiye"
"AKV","Austria"
"AMD","USA"
"AMF","France"
"AMS","Austria"
"ANC","South Africa"
"ANPE","France"
"AOL","USA"
"APA","Austria"
"ARD","Germany"
"ASN","France"
"AT&S","Austria"
"AT&T","USA"
"ATT","USA"
"AUA","Austria"
"AWD","Germany"
"AXA","France"
"AXA France","France"
"Aachen","Germany"
"Aareal Bank","Germany"
"Abanca","Spain"
"Abbas","Israel"
"Abbey","UK"
"Abe","Japan"
"Abengoa","Spain"
"Aberdeen","UK"
"Abertis","Spain"
"Abi","Italy"
"Abn Amro","Netherlands"
"Abruzzo","Italy"
"Abu Dhabi","UAE"
"Abu Mazen","Palestine"
"Académie de France","France"
"Accenture","Ireland"
"Accenture France","France"
"Acciona","Spain"
"Accor","France"
"Acea","Italy"
"Acerinox","Spain"
"Achleitner","Germany"
"Adecco","Switzerland"
"Adeg","Austria"
"Ademe","France"
"Adidas","Germany"
"Adif","Spain"
"Adler","Germany"
"Administración central","Spain"
"Adolfo Urso","Italy"
"Adr","Italy"
"Adria","Southern Europe"
"Aegis Media France","France"
"Aegypten","Egypt"
"Aena","Spain"
"AfD","Germany"
"Afghan","Afghanistan"
"Afghanistan","Afghanistan"
"Africa","Africa"
"African","Africa"
"African-American","USA"
"Afrika","Africa"
"Afrikas","Africa"
"Afrique","Africa"
"Afrique du Sud","Southern Africa"
"Agbar","Spain"
"Agcom","Italy"
"Agence France","France"
"Agence France Presse","France"
"Agence France Trésor","France"
"Agence France-Presse","France"
"Agencia Tributaria","Spain"
"Agenzia delle Entrate","Italy"
"Agenzia delle entrate","Italy"
"Agnelli","Italy"
"Agrana","Austria"
"Ahmadi-Nejad","Iran"
"Ahmadinedschad","Iran"
"Ahmadinejad","Iran"
"Ahorro Corporación","Spain"
"Aia","Italy"
"Aifa","Italy"
"Aim","UK"
"Air Berlin","Germany"
"Air Europa","Spain"
"Air France","France"
"Air France-KLM","France"
"Air Liquide","France"
"Air Nostrum","Spain"
"Airbnb","USA"
"Airbus","Europe"
"Airef","Spain"
"Aix-en-Provence","France"
"Alabama","USA"
"Alain Juppé","France"
"Alan Greenspan","USA"
"Alaska","USA"
"Albacete","Spain"
"Albania","Albania"
"Albanien","Albania"
"Alberto Ruiz-Gallardón","Spain"
"Alcalá de Henares","Spain"
"Alcan","Canada"
"Alcatel","France"
"Alcatel-Lucent","France"
"Alcatel-Lucent France","France"
"Alcoa","USA"
"Alcobendas","Spain"
"Alcorcón","Spain"
"Aldeasa","Spain"
"Aldi","Germany"
"Alemania","Germany"
"Alessandria","Italy"
"Alessandro Profumo","Italy"
"Alexander Dobrindt","Germany"
"Alfa","Italy"
"Alfa Romeo","Italy"
"Alfano","Italy"
"Alfred Gusenbauer","Austria"
"Algeciras","Spain"
"Algeria","Algeria"
"Algerien","Algeria"
"Algérie","Algeria"
"Alibaba","China"
"Alicante","Spain"
"Alierta","Spain"
"Alistair Darling","UK"
"Alitalia","Italy"
"Allemagne","Germany"
"Allemand","Germany"
"Allemande","Germany"
"Allemands","Germany"
"Allianz","Germany"
"Allianz France","France"
"Almería","Spain"
"Almirall","Spain"
"Alois Wögerbauer","Austria"
"Alonso","Spain"
"Alpen","Europe"
"Alpes","Europe"
"Alphabet","USA"
"Alpine","Austria"
"Alsace","France"
"Alstom","France"
"Altadis","Spain"
"Altice","Netherlands"
"Altmaier","Germany"
"Altona","Germany"
"Altran","France"
"Amadeus","Spain"
"Amag","Austria"
"Amancio Ortega","Spain"
"Amazon","USA"
"Amberes","Belgium"
"Ambiente","Italy"
"Amburgo","Germany"
"Amena","Spain"
"America Latina","South America"
"American","USA"
"Americans","USA"
"Americas","Americas"
"Amerika","USA"
"Amerikaner","USA"
"Amerikanern","USA"
"Amerikas","USA"
"Amiens","France"
"Amper","Spain"
"Amsterdam","Netherlands"
"Amstetten","Austria"
"Amundi","France"
"América Latina","Latin America and the Caribbean"
"Américain","USA"
"Amérique du Nord","USA"
"Amérique du Sud","South America"
"An","Italy"
"Ana Botín","Spain"
"Ana Pastor","Spain"
"Anac","Italy"
"Anagrafe","Italy"
"Anas","Italy"
"Anatole France","France"
"Ance","Italy"
"Anci","Italy"
"Ancona","Italy"
"Andalucía","Spain"
"Andorra","Andorra"
"Andrea Nahles","Germany"
"Andrea Orlando","Italy"
"Andreas Treichl","Austria"
"Andritz","Austria"
"Android","USA"
"Androsch","Austria"
"Anfac","Spain"
"Angela Merkel","Germany"
"Angelino Alfano","Italy"
"Angers","France"
"Angleterre","UK"
"Anglo","UK"
"Anglo American","UK"
"Angola","Angola"
"Ania","Italy"
"Ankara","Türkiye"
"Anm","Italy"
"Anne Hidalgo","France"
"Annegret Kramp-Karrenbauer","Germany"
"Anpal","Italy"
"Ansa","Italy"
"Anshu Jain","Germany"
"Antena 3","Spain"
"Antonio Brufau","Spain"
"Antonio Di Pietro","Italy"
"Antonio Fazio","Italy"
"Antonio Tajani","Italy"
"Antonveneta","Italy"
"Antwerpen","Belgium"
"Anversa","Belgium"
"Aon France","France"
"Apec","Western Asia"
"Apple","USA"
"Aquitaine","France"
"Arab","Western Asia"
"Arabia Saudita","Saudi Arabia"
"Arabia Saudí","Saudi Arabia"
"Arabie saoudite","Saudi Arabia"
"Arabs","Western Asia"
"Aragón","Spain"
"Arbeiterkammer","Austria"
"Arborio","Italy"
"Arcandor","Germany"
"Arcelor","Luxembourg"
"ArcelorMittal","Luxembourg"
"Arcep","France"
"Areva","France"
"Arezzo","Italy"
"Arganzuela","Spain"
"Argelia","Algeria"
"Argentina","Argentina"
"Argentine","Argentina"
"Argentinien","Argentina"
"Arizona","USA"
"Arkema","France"
"Armateurs de France","France"
"Armin Laschet","Germany"
"Arnaud Lagardère","France"
"Arnaud Montebourg","France"
"Arte France","France"
"Artur Mas","Spain"
"Asda","UK"
"Aserbaidschan","Azerbaijan"
"Asfinag","Austria"
"Asia","Asia"
"Asie","Asia"
"Asie du Sud-Est","South-eastern Asia"
"Asien","Asia"
"Asiens","Asia"
"Asl","Italy"
"Aspi","Italy"
"Assad","Syria"
"Assemblée des communautés de France","France"
"Assemblée des départements de France","France"
"Assemblée nationale","France"
"Association des départements de France","France"
"Association des maires de France","France"
"Association des maires ruraux de France","France"
"Association des petites villes de France","France"
"Association des régions de France","France"
"Assolombarda","Italy"
"Assonime","Italy"
"Astaldi","Italy"
"AstraZeneca","UK"
"Asturias","Spain"
"Atenas","Greece"
"Atene","Greece"
"Athen","Greece"
"Athener","Germany"
"Athens","Greece"
"Athènes","Greece"
"Atlanta","USA"
"Atlantia","Italy"
"Atm","Italy"
"Atos","France"
"Atos Origin","France"
"Atout France","France"
"Atrium","Austria"
"Auchan","France"
"Auchan Retail France","France"
"Audi","Germany"
"Audiencia Nacional","Spain"
"Augsburg","Germany"
"Auna","Spain"
"Australia","Australia"
"Australian","Australia"
"Australie","Australia"
"Australien","Australia"
"Australier","Australia"
"Austria","Austria"
"Austria's Leading Companies","Austria"
"Austrian","Austria"
"Austrian Airlines","Austria"
"Auswaertige Amt","Germany"
"Autorité des marchés financiers","France"
"Autoroutes de France","France"
"Autostrade","Italy"
"Autriche","Austria"
"AvW","Austria"
"Aventis","France"
"Avignon","France"
"Avio","Italy"
"Aviva France","France"
"Avánzit","Spain"
"Axa","France"
"Axel Springer","Germany"
"Axel Weber","Germany"
"Ayuntamiento de Madrid","Spain"
"B B Italia","Italy"
"BA","Germany"
"BA","UK"
"BA-CA","Austria"
"BAE","UK"
"BAE Systems","UK"
"BAG","Germany"
"BASF","Germany"
"BBAG","Austria"
"BBC","UK"
"BBC2","UK"
"BBK","Spain"
"BBVA","Spain"
"BCE","EU"
"BCG","USA"
"BCR","Romania"
"BDA","Germany"
"BDI","Germany"
"BDO France","France"
"BEI","EU"
"BFH","Germany"
"BFI","France"
"BG","UK"
"BGH","Germany"
"BHF-Bank","Germany"
"BHP","Australia"
"BHP Billiton","Australia"
"BIG","Austria"
"BIZ","World"
"BME","Spain"
"BMF","Germany"
"BMN","Spain"
"BMW","Germany"
"BNL","Italy"
"BNP","France"
"BNP Paribas","France"
"BP","UK"
"BPCE","France"
"BPI","France"
"BT","UK"
"BTp","Italy"
"BVR","Germany"
"BWB","Austria"
"BWT","Austria"
"BZÖ","Austria"
"BaFin","Germany"
"Badajoz","Spain"
"Badalona","Spain"
"Baden-Wuerttemberg","Germany"
"Bafin","Germany"
"Bagdad","Iraq"
"Baghdad","Iraq"
"Bahrain","Bahrain"
"Bain","USA"
"Balcani","Eastern Europe"
"Baleares","Spain"
"Bali","Indonesia"
"Balkan","Eastern Europe"
"Balkans","Eastern Europe"
"Baltic","Eastern Europe"
"Banca Cívica","Spain"
"Banca Imi","Italy"
"Banca Intesa","Italy"
"Banca Popolare Italiana","Italy"
"Banca centrale","Italy"
"Banca centrale europea","EU"
"Banca d'Italia","Italy"
"Banca d’Italia","Italy"
"Banca mondiale","World"
"Bancaja","Spain"
"Banco Central Europeo","EU"
"Banco Europeo de Inversiones","EU"
"Banco Madrid","Spain"
"Banco Mundial","Spain"
"Banco Pastor","Spain"
"Banco Popolare","Italy"
"Banco Popular","Spain"
"Banco Sabadell","Spain"
"Banco Santander","Spain"
"Banco de España","Spain"
"Banco de Inglaterra","UK"
"Banco de Japón","Japan"
"Banco de Valencia","Spain"
"Banesto","Spain"
"Bangkok","Thailand"
"Bangladesch","Bangladesh"
"Bangladesh","Bangladesh"
"Bank Austria","Austria"
"Bank Burgenland","Austria"
"Bank of America","USA"
"Bank of America Merrill Lynch","USA"
"Bank of England","UK"
"Bank of Japan","Japan"
"Bankia","Spain"
"Bankinter","Spain"
"Bankitalia","Italy"
"Banque Postale","France"
"Banque centrale européenne","EU"
"Banque d'Angleterre","UK"
"Banque de France","France"
"Banque du Japon","Japan"
"Banque mondiale","USA"
"Banques Populaires","France"
"Barack Obama","USA"
"Barajas","Spain"
"Barcellona","Spain"
"Barcelona","Spain"
"Barcelone","Spain"
"Barceló","Spain"
"Barclays","UK"
"Barclays Capital","UK"
"Bari","Italy"
"Barilla","Italy"
"Barroso","Portugal"
"Barroso","EU"
"Bartenstein","Austria"
"Basel","Switzerland"
"Basilea","Switzerland"
"Basilicata","Italy"
"Baugur","Iceland"
"Baumax","Austria"
"Bawag","Austria"
"Baxter","USA"
"Bayer","Germany"
"Bayern","Germany"
"BayernLB","Germany"
"Bayerns","Germany"
"Bbc","UK"
"Bce","EU"
"BdB","Germany"
"Bear Stearns","USA"
"Beck","Germany"
"Becker","Germany"
"Beethoven","Germany"
"Bei","EU"
"Beiersdorf","Germany"
"Beijing","China"
"Beirut","Lebanon"
"Beko","Austria"
"Belarus","Belarus"
"Belfast","UK"
"Belgian","Belgium"
"Belgien","Belgium"
"Belgier","Belgium"
"Belgio","Belgium"
"Belgique","Belgium"
"Belgium","Belgium"
"Belgrad","Serbia"
"Ben Bernanke","USA"
"Bene","Austria"
"Benelux","Western Europe"
"Benetton","Italy"
"Beni","Italy"
"Benoît Hamon","France"
"Beppe Grillo","Italy"
"Bercy","France"
"Berenberg Bank","Germany"
"Bergamo","Italy"
"Bergisch Gladbach","Germany"
"Berlin","Germany"
"Berlino","Germany"
"Berlins","Germany"
"Berlusconi","Italy"
"Berlín","Germany"
"Bermuda","UK"
"Bernanke","USA"
"Bernard Arnault","France"
"Bernard Thibault","France"
"Bernhard Felderer","Austria"
"Bernstein","USA"
"Bersani","Italy"
"Bertelsmann","Germany"
"Bertrand Delanoë","France"
"Bestinver","Spain"
"Betandwin","Austria"
"Bewag","Austria"
"Biagi","Italy"
"Bibliothèque nationale de France","France"
"Biden","USA"
"Bielefeld","Germany"
"Biella","Italy"
"Bielorussia","Belarus"
"Bilbao","Spain"
"Bilfinger","Germany"
"Bill Clinton","USA"
"Bill Gates","USA"
"Billa","Austria"
"Binder","Austria"
"Biontech","Germany"
"Bipa","Austria"
"Birmingham","UK"
"Bitkom","Germany"
"BlackBerry","Canada"
"BlackRock","USA"
"Blackrock","USA"
"Blackstone","USA"
"Blair","UK"
"Blessing","Germany"
"Bloomberg","USA"
"Bludenz","Austria"
"Bmw","Germany"
"Bnl","Italy"
"Bnp Paribas","France"
"BoE","UK"
"BoJ","Japan"
"BoT","Italy"
"Bocconi","Italy"
"Bochum","Germany"
"Bochumer","Germany"
"Boeing","USA"
"BofA","USA"
"Bolivia","Bolivia"
"Bolloré","France"
"Bologna","Italy"
"Bolonia","Italy"
"Bolsa de Londres","UK"
"Bolsa de Madrid","Spain"
"Bolsa de Nueva York","USA"
"Bolsa española","Spain"
"Bolzano","Italy"
"Bombardier","Canada"
"Bondi","Italy"
"Bonn","Germany"
"Bonner","Germany"
"Bonos","Spain"
"Bordeaux","France"
"Boris Johnson","UK"
"Boris Nemsic","Austria"
"Borsa Italiana","Italy"
"Borussia Dortmund","Germany"
"Bosch","Germany"
"Bosnien","Bosnia and Herzegovina"
"Bosnien-Herzegowina","Bosnia and Herzegovina"
"Bossi","Italy"
"Boston","USA"
"Boston Consulting Group","USA"
"Bottrop","Germany"
"Bouches-du-Rhône","France"
"Bourgogne","France"
"Bourse allemande","Germany"
"Bourse britannique","UK"
"Bourse de Francfort","Germany"
"Bourse de Londres","UK"
"Bourse de New York","USA"
"Bourse de Paris","France"
"Bouygues","France"
"Bouygues Telecom","France"
"Bp","UK"
"Bper","Italy"
"Bpi","Italy"
"Bpm","Italy"
"Brain Force","Switzerland"
"Brandenburg","Germany"
"Brasil","Brazil"
"Brasile","Brazil"
"Brasilianer","Brazil"
"Brasilien","Brazil"
"Brasiliens","Brazil"
"Brasseurs de France","France"
"Bratislava","Slovakia"
"Brau Union","Austria"
"Braunschweig","Germany"
"Brazil","Brazil"
"Brazilian","Brazil"
"Bregenz","Austria"
"Brema","Germany"
"Brembo","Italy"
"Bremen","Germany"
"Bremer","Germany"
"Bremerhaven","Germany"
"Brenner","Austria"
"Brescia","Italy"
"Brest","France"
"Bretagne","France"
"Breuer","Germany"
"Brexit","EU"
"Brigitte Jank","Austria"
"Brigitte Zypries","Germany"
"Brindisi","Italy"
"Bristol","UK"
"Britain","UK"
"Britannique","UK"
"Britanniques","UK"
"Brite","UK"
"Briten","UK"
"British","UK"
"British Airways","UK"
"British Energy","UK"
"British Gas","UK"
"British Land","UK"
"Britons","UK"
"Brits","UK"
"Britvic","UK"
"Broadway","USA"
"Brooklyn","USA"
"Brotherhood","Egypt"
"Bruederle","Germany"
"Bruessel","EU"
"Bruesseler","EU"
"Bruesseler Behoerde","EU"
"Brufau","Spain"
"Bruno Le Maire","France"
"Bruselas","EU"
"Brussels","EU"
"Bruxelles","EU"
"Brésil","Brazil"
"Brünn","Czechia"
"Brüssel","EU"
"Brüsseler","EU"
"Btp","Italy"
"Bucarest","Romania"
"Budapest","Hungary"
"Buenos Aires","Argentina"
"Buffett","USA"
"Bukarest","Romania"
"Bulgaria","Bulgaria"
"Bulgarie","Bulgaria"
"Bulgarien","Bulgaria"
"Bulgariens","Bulgaria"
"Bull","France"
"Bund allemand","Germany"
"Bundesagentur fuer Arbeit","Germany"
"Bundesanleihen","Germany"
"Bundesanstalt fuer Finanzdienstleistungsaufsicht","Germany"
"Bundesbank","Germany"
"Bundesfinanzhof","Germany"
"Bundesfinanzministerium","Germany"
"Bundesgerichtshof","Germany"
"Bundesinnenminister","Germany"
"Bundeskabinett","Germany"
"Bundeskartellamt","Germany"
"Bundesliga","Germany"
"Bundesrepublik","Germany"
"Bundestag","Germany"
"Bundestages","Germany"
"Bundestags","Germany"
"Bundesverband der Deutschen Industrie","Germany"
"Bundesverfassungsgericht","Germany"
"Bundesverfassungsgerichts","Germany"
"Bundeswehr","Germany"
"Bundeswirtschaftsminister","Germany"
"Bundeswirtschaftsministerium","Germany"
"Burberry","UK"
"Bureau de Bruxelles","EU"
"Bureau de New York","USA"
"Burgenland","Austria"
"Burgenländer","Austria"
"Burgos","Spain"
"Burgtheater","Austria"
"Burma","Myanmar"
"Bush","USA"
"Bushs","USA"
"Business France","France"
"Buwog","Austria"
"Bwin","Austria"
"Bélgica","Belgium"
"Böhler","Austria"
"Böhler-Uddeholm","Austria"
"Börse Wien","USA"
"CA Immo","Austria"
"CAC","France"
"CAC40","France"
"CAF","Spain"
"CAM","Spain"
"CBI","UK"
"CBS","USA"
"CC OO","Spain"
"CCI","France"
"CCI France","France"
"CCM","Spain"
"CDC","France"
"CDTI","Spain"
"CDU","Germany"
"CDU-Politiker","Germany"
"CDU/CSU","Germany"
"CE","France"
"CEA","France"
"CECA","Spain"
"CEOE","Spain"
"CEZ","Czechia"
"CFDT","France"
"CFE-CGC","France"
"CFTC","USA"
"CGC","France"
"CGPME","France"
"CGT","France"
"CHS France","France"
"CIA","USA"
"CIE Automotive","Spain"
"CMA","UK"
"CME","USA"
"CMI France","France"
"CMT","Spain"
"CNAM","France"
"CNE","Spain"
"CNES","France"
"CNIL","France"
"CNMC","Spain"
"CNMV","Spain"
"CNN","USA"
"CNP Assurances","France"
"CNRS","France"
"CRE","France"
"CSA","France"
"CSG","France"
"CSU","Germany"
"Cac","France"
"Cadbury","UK"
"Caen","France"
"Cagliari","Italy"
"Cairo","Egypt"
"Caisse d'Epargne Ile-de-France","France"
"Caisse des Dépôts","France"
"Caisse des Dépôts et Consignations","France"
"Caisses d'Epargne","France"
"Caixa Catalunya","Spain"
"Caixa Galicia","Spain"
"CaixaBank","Spain"
"Caixanova","Spain"
"Caja España","Spain"
"Caja Madrid","Spain"
"Caja Navarra","Spain"
"Cajamar","Spain"
"Cajasur","Spain"
"Calabria","Italy"
"Calderoli","Italy"
"Calenda","Italy"
"California","USA"
"Californian","USA"
"Californie","USA"
"Caltagirone","Italy"
"Caltanissetta","Italy"
"Calviño","Spain"
"Cambridge","UK"
"Camera dei deputati","Italy"
"Cameron","UK"
"Campania","Italy"
"Campidoglio","Italy"
"Campofrío","Spain"
"Canada","Canada"
"Canadian","Canada"
"Canadá","Canada"
"Canal+","France"
"Canal+ France","France"
"Canal+France","France"
"Canarias","Spain"
"Canary Wharf","UK"
"Cannes","France"
"Cantabria","Spain"
"Capgemini","France"
"Capital Economics","UK"
"Capitalia","Italy"
"Capitol Hill","USA"
"Capo dello Stato","Italy"
"Carabanchel","Spain"
"Carabinieri","Italy"
"Caribbean","Caribbean"
"Caribe","Caribbean"
"Carige","Italy"
"Carlo Azeglio Ciampi","Italy"
"Carlo Calenda","Italy"
"Carlos Ghosn","France"
"Carlos Slim","Mexico"
"Carlos Tavares","Portugal"
"Carlyle","UK"
"Carlyle","USA"
"Carney","Canada"
"Carrefour","France"
"Carrefour France","France"
"Carsten Spohr","Germany"
"Cartagena","Spain"
"Cartier","France"
"Casa Bianca","USA"
"Casa Blanca","USA"
"Casa delle libertà","Italy"
"Caser","Spain"
"Caserta","Italy"
"Casini","Italy"
"Casinos Austria","Austria"
"Cassazione","Italy"
"Castelli","Italy"
"Castellón","Spain"
"Castilla y León","Spain"
"Castilla-La Mancha","Spain"
"Catalan","Spain"
"Catalogne","Spain"
"Catalonia","Spain"
"Catalunya Banc","Spain"
"Catalunya Caixa","Spain"
"Cataluña","Spain"
"Catania","Italy"
"Catanzaro","Italy"
"Cda","Italy"
"Cdl","Italy"
"Cdp","Italy"
"Cdu","Germany"
"Cebit","Germany"
"Cee","EU"
"Cellnex","Spain"
"Centre France","France"
"Centrica","UK"
"Cepsa","Spain"
"Cepyme","Spain"
"Cerberus","USA"
"Cesare Damiano","Italy"
"Ceuta","Spain"
"Cgil","Italy"
"Chamartín","Spain"
"Chamberí","Spain"
"Channel 4","UK"
"Charbonnages de France","France"
"Charlottenburg","Germany"
"Chavez","Venezuela"
"Chelsea","UK"
"Chemnitz","Germany"
"Chen","China"
"Chevron","USA"
"Chicago","USA"
"Chile","Chile"
"Chilean","Chile"
"Chili","Chile"
"China","China"
"Chinas","China"
"Chine","China"
"Chinese","China"
"Chinesen","China"
"Chinois","China"
"Chipre","Cyprus"
"Chirac","France"
"Choose France","France"
"Christian Kern","Austria"
"Christian Lindner","Germany"
"Christian Wulff","Germany"
"Christie s","UK"
"Christie'","UK"
"Christie's","UK"
"Christine Lagarde","World"
"Christine Lagarde","EU"
"Christine Lagarde","France"
"Christoph Leitl","Austria"
"Christoph Matznetter","Austria"
"Chrysler","USA"
"Chypre","Cyprus"
"CiU","Spain"
"Ciampi","Italy"
"Cile","Chile"
"Cina","China"
"Cinco Días","Spain"
"CincoDías","Spain"
"Cinque Stelle","Italy"
"Cintra","Spain"
"Cipe","Italy"
"Cipro","Cyprus"
"Cir","Italy"
"Cirio","Italy"
"Cisco","USA"
"Cisgiordania","Israel"
"Cisl","Italy"
"Citi","USA"
"Citibank","USA"
"Citigroup","USA"
"Citroën","France"
"Ciudad Lineal","Spain"
"Ciudad Real","Spain"
"Ciudadanos","Spain"
"Ciutat Vella","Spain"
"Claudio Scajola","Italy"
"Claus Raidl","Austria"
"Clegg","UK"
"Clement","Germany"
"Clermont-Ferrand","France"
"Clinton","USA"
"Club Med","France"
"Cnel","Italy"
"Cnr","Italy"
"Coca-Cola","USA"
"Codere","Spain"
"Coface","France"
"Coke","USA"
"Coldiretti","Italy"
"Colle","Italy"
"Collecchio","Italy"
"Collège de France","France"
"Colombia","Colombia"
"Colombie","Colombia"
"Colombie-Britannique","UK"
"Colonia","Germany"
"Colorado","USA"
"Comcast","USA"
"Comdirect","Germany"
"Comisiones Obreras","Spain"
"Comisión Europea","EU"
"Comisión Nacional de la Energía","Spain"
"Comisión Nacional de los Mercados","Spain"
"Comisión Nacional del Mercado de Valores","Spain"
"Comisión del Mercado de las Telecomunicaciones","Spain"
"Commerzbank","Germany"
"Commission du film d'Ile-de-France","France"
"Commission européenne","EU"
"Commissione Europea","EU"
"Commissione Ue","EU"
"Commissione europea","EU"
"Como","Italy"
"Comune di Milano","Italy"
"Comuni","Italy"
"Comunidad Valenciana","Spain"
"Comunidad de Madrid","Spain"
"Condor","Germany"
"Conergy","Germany"
"Confartigianato","Italy"
"Confcommercio","Italy"
"Confindustria","Italy"
"Congo","Congo"
"Congreso de los Diputados","Spain"
"Connecticut","USA"
"Conseil d'Etat","France"
"Conseil européen","EU"
"Conseil régional d'Ile-de-France","France"
"Consejo","Spain"
"Consejo Europeo","EU"
"Consejo de Estado","Spain"
"Consiglio","Italy"
"Consiglio Ue","EU"
"Consiglio di Stato","Italy"
"Consiglio europeo","EU"
"Consiglio superiore","Italy"
"Consip","Italy"
"Consob","Italy"
"Constanta","Romania"
"Constantia Packaging","Austria"
"Constantia Privatbank","Austria"
"Constitution européenne","EU"
"Conte","Italy"
"Conti","Germany"
"Continental","Germany"
"Conwert","Austria"
"Coop de France","France"
"Copenaghen","Denmark"
"Copenhagen","Denmark"
"Copenhague","Denmark"
"Corbyn","UK"
"Cordes","Germany"
"Corea","South Korea"
"Corea del Nord","North Korea"
"Corea del Sud","South Korea"
"Corea del Sur","South Korea"
"Cornwall","UK"
"Corrado Passera","Italy"
"Correos","Spain"
"Corriere della Sera","Italy"
"Corse","France"
"Corte Ue","EU"
"Corte costituzionale","Italy"
"Corte dei Conti","Italy"
"Corte dei conti","Italy"
"Corte di Cassazione","Italy"
"Corte di cassazione","Italy"
"Corte di giustizia","EU"
"Corte di giustizia Ue","EU"
"Cortefiel","Spain"
"Corus","Netherlands"
"Corée","South Korea"
"Corée du Nord","North Korea"
"Corée du Sud","South Korea"
"Costa Rica","Costa Rica"
"Costituzione","Italy"
"Cour constitutionnelle allemande","Germany"
"Cour de cassation","France"
"Cour des comptes","France"
"Covent Garden","UK"
"Covestro","Germany"
"Covid-19","World"
"Covip","Italy"
"Cracovia","Poland"
"Craiova","Romania"
"Credit Suisse","Switzerland"
"Cremlino","Russia"
"Cremona","Italy"
"Crimea","Ukraine"
"Cristo","Italy"
"Cristóbal Montoro","Spain"
"Criteria","Spain"
"Croacia","Croatia"
"Croatia","Croatia"
"Croatie","Croatia"
"Croazia","Croatia"
"Cromme","Germany"
"Cryan","Germany"
"Crédit Agricole","France"
"Crédit Agricole Ile-de-France","France"
"Crédit Agricole Nord de France","France"
"Crédit Agricole SA","France"
"Crédit Agricole d'Ile-de-France","France"
"Crédit Foncier de France","France"
"Crédit Immobilier de France","France"
"Crédit Lyonnais","France"
"Crédit Mutuel","France"
"Csm","Italy"
"Ctr","Italy"
"Cuba","Cuba"
"Cuban","Cuba"
"Cuneo","Italy"
"Cyprus","Cyprus"
"Czech","Czechia"
"Cádiz","Spain"
"Cámara de Comercio","Spain"
"César Alierta","Spain"
"Córdoba","Spain"
"Côte d'Azur","France"
"Côte d'Ivoire","Ivory Coast"
"D'Alema","Italy"
"DAX","Germany"
"DDR","Germany"
"DES France","France"
"DFB","Germany"
"DFL","Germany"
"DGB","Germany"
"DGCCRF","France"
"DHL","Germany"
"DHL Express France","France"
"DIHK","Germany"
"DIW","Germany"
"DKB","Germany"
"DRH","France"
"DSGV","Germany"
"DSK","France"
"DSW","Germany"
"DWS","Germany"
"DZ Bank","Germany"
"Daenemark","Denmark"
"Daimler","Germany"
"Daimler-Chrysler","Germany"
"DaimlerChrysler","Germany"
"Dalkia France","France"
"Damasco","Syria"
"Damascus","Syria"
"Damaskus","Syria"
"Danemark","Denmark"
"Danimarca","Denmark"
"Danish","Denmark"
"Danone","France"
"Dante","Italy"
"Danzica","Poland"
"Darfur","Sudan"
"Dario Franceschini","Italy"
"Darmstadt","Germany"
"Darty","France"
"Dassault","France"
"Dassault Systèmes","France"
"David Cameron","UK"
"Dax","Germany"
"Dax allemand","Germany"
"Dc","Italy"
"De Beers","UK"
"Dealogic","UK"
"Debenhams","UK"
"Def","Italy"
"Degussa","Germany"
"Deka","Germany"
"Dekabank","Germany"
"Delhi","India"
"Delicias","Spain"
"Dell","USA"
"Deloitte","UK"
"Deloitte France","France"
"Delphi","Ireland"
"Democrats","USA"
"Demokraten","USA"
"Dems","UK"
"Den Haag","Netherlands"
"Denmark","Denmark"
"Deoleo","Spain"
"Deripaska","Russia"
"Detroit","USA"
"Deutsche","Germany"
"Deutsche Bahn","Germany"
"Deutsche Bank","Germany"
"Deutsche Boerse","Germany"
"Deutsche Borse","Germany"
"Deutsche Börse","Germany"
"Deutsche Post","Germany"
"Deutsche Telekom","Germany"
"Deutschen Bahn","Germany"
"Deutschen Bank","Germany"
"Deutschen Boerse","Germany"
"Deutschen Instituts fuer Wirtschaftsforschung","Germany"
"Deutschen Post","Germany"
"Deutschen Schutzvereinigung fuer Wertpapierbesitz","Germany"
"Deutschen Telekom","Germany"
"Deutscher Bank","Germany"
"Deutschland","Germany"
"Deutschlands","Germany"
"Dexia","Belgium"
"Di Maio","Italy"
"Di Pietro","Italy"
"Diageo","UK"
"Diekmann","Germany"
"Diess","Germany"
"Dieter Zetsche","Germany"
"Dijon","France"
"Dinamarca","Denmark"
"Dini","Italy"
"Disney","USA"
"Dobrindt","Germany"
"Dogudan","Austria"
"Doha","Qatar"
"Domenico Siniscalco","Italy"
"Dominique Strauss-Kahn","France"
"Dominique de Villepin","France"
"Donald Trump","USA"
"Dornbirn","Austria"
"Dorotheum","Austria"
"Dortmund","Germany"
"Dos Hermanas","Spain"
"Dow","USA"
"Dow Jones","USA"
"Downing Street","UK"
"Dpef","Italy"
"Dragados","Spain"
"Draghi","EU"
"Draghi","Italy"
"Dresda","Germany"
"Dresde","Germany"
"Dresden","Germany"
"Dresdner","Germany"
"Dresdner Bank","Germany"
"Drôme","France"
"Ds","Italy"
"Dubai","UAE"
"Dubaï","UAE"
"Dublin","Ireland"
"Dublino","Ireland"
"Dublín","Ireland"
"Ducati","Italy"
"Duerr","Germany"
"Duesseldorf","Germany"
"Duisburg","Germany"
"Duncan Smith","UK"
"Dunkerque","France"
"Dutch","Netherlands"
"Dänemark","Denmark"
"Días Madrid","Spain"
"Düsseldorf","Germany"
"E-Control","Austria"
"E-Plus","Germany"
"E.ON","Germany"
"EADS","Europe"
"EBRD","Europe"
"ECB","EU"
"EDF","France"
"EDP","Portugal"
"EE UU","USA"
"EFSF","EU"
"EIB","EU"
"EMI","UK"
"ENA","France"
"ENI","Italy"
"EPR","France"
"ERC","Spain"
"ERE","Spain"
"ERTE","Spain"
"ESA","Europe"
"ESM","EU"
"ETA","Spain"
"EU","EU"
"EU-Diplomaten","EU"
"EU-Finanzminister","EU"
"EU-Gipfel","EU"
"EU-Kommissar","EU"
"EU-Kommission","EU"
"EU-Kommissionspraesident","EU"
"EU-Laender","EU"
"EU-Länder","EU"
"EU-Ländern","EU"
"EU-Mitglieder","EU"
"EU-Mitgliedstaaten","EU"
"EU-Parlament","EU"
"EU-Recht","EU"
"EU-Staaten","EU"
"EU-Verfassung","EU"
"EVN","Austria"
"EY","UK"
"EZB","EU"
"EZB-Praesident","EU"
"EZB-Rat","EU"
"Earth","World"
"EasyJet","UK"
"Easyjet","UK"
"Eba","EU"
"Ebay","USA"
"Ebner","Austria"
"Ebro","Spain"
"Ebro Puleva","Spain"
"Echos","France"
"Ecofin","EU"
"Ecole polytechnique","France"
"Ecosse","UK"
"Ecuador","Ecuador"
"EdF","France"
"Edeka","Germany"
"Eder","Austria"
"Edf","France"
"Edinburgh","UK"
"Edmund Stoiber","Germany"
"Edouard Philippe","France"
"Education nationale","France"
"Efsf","EU"
"Egg France","France"
"Egipto","Egypt"
"Egitto","Egypt"
"Egypt","Egypt"
"Egypte","Egypt"
"Egyptian","Egypt"
"Eichel","Germany"
"Eiffage","France"
"Einaudi","Italy"
"Eisenstadt","Austria"
"Eixample","Spain"
"El Corte Inglés","Spain"
"El Ibex","Spain"
"El Kaida","Pakistan"
"El País","Spain"
"El Prat","Spain"
"Elche","Spain"
"Elena Salgado","Spain"
"Elisabeth Borne","France"
"Eliseo","France"
"Elon Musk","USA"
"Elsner","Austria"
"Elysée","France"
"Emap France","France"
"Emilia","Italy"
"Emilia Romagna","Italy"
"Emilia-Romagna","Italy"
"Emilio Botín","Spain"
"Emirates","UAE"
"Emirati","UAE"
"Emirats arabes unis","UAE"
"Emma Marcegaglia","Italy"
"Emmanuel Macron","France"
"Empire britannique","UK"
"EnBW","Germany"
"Enac","Italy"
"Enagás","Spain"
"Enav","Italy"
"Ence","Spain"
"Endesa","Spain"
"Enea","Italy"
"Enel","Italy"
"Energie AG","Austria"
"Engie","France"
"England","UK"
"Eni","Italy"
"Enrico Letta","Italy"
"Enron","USA"
"Enseignement supérieur","France"
"Entrecanales","Spain"
"Eon","Germany"
"Equitalia","Italy"
"Eramet","France"
"Erdogan","Türkiye"
"Erfurt","Germany"
"Ergo","Germany"
"Eric Woerth","France"
"Ericsson","Sweden"
"Erlangen","Germany"
"Ernst & Young","UK"
"Ernst Young","UK"
"Eroski","Spain"
"Erste Bank","Austria"
"Erste Group","Austria"
"Erwin Pröll","Austria"
"Esade","Spain"
"Escocia","UK"
"Eslovaquia","Slovakia"
"Eslovenia","Slovenia"
"Esm","EU"
"Espagne","Spain"
"Espagnols","Spain"
"España","Spain"
"Esperanza Aguirre","Spain"
"Essec","France"
"Essen","Germany"
"Essener","Germany"
"Essex","UK"
"Essilor","France"
"Essonne","France"
"Est Europa","Eastern Europe"
"Est de la France","France"
"Estados Unidos","USA"
"Esther Koplowitz","Spain"
"Estland","Estonia"
"Estocolmo","Sweden"
"Estonia","Estonia"
"Estonie","Estonia"
"Etat allemand","Germany"
"Etat américain","USA"
"Etat britannique","UK"
"Etat britanniques","UK"
"Etat français","France"
"Etat fédéral allemand","Germany"
"Etats-Unis","USA"
"Ethiopia","Ethiopia"
"Etihad","UAE"
"EuGH","EU"
"Eurazeo","France"
"Eurex","Europe"
"Euro-Gruppe","EU"
"Euro-Raums","EU"
"Euro-Staaten","EU"
"EuroStoxx","EU"
"Eurogroupe","EU"
"Eurogrupo","EU"
"Eurogruppo","EU"
"Eurohypo","Germany"
"Eurolandia","EU"
"Euronext","Europe"
"Europa","Europe"
"Europa Press","Spain"
"Europa del Este","Eastern Europe"
"Europaeern","Europe"
"Europaeische Gerichtshof","EU"
"Europaeische Kommission","EU"
"Europaeische Union","EU"
"Europaeische Zentralbank","EU"
"Europaeischen Gerichtshof","EU"
"Europaeischen Union","EU"
"Europaeischen Zentralbank","EU"
"Europaparlament","EU"
"Europarlamento","EU"
"Europas","Europe"
"Europe","Europe"
"Europe 1","Europe"
"Europe de l'Est","Eastern Europe"
"Europe de l'Ouest","Western Europe"
"European","Europe"
"European Central Bank","EU"
"European Commission","EU"
"European Union","EU"
"Europeans","Europe"
"Europäer","Europe"
"Europäische Union","EU"
"Europäische Zentralbank","EU"
"Europäischen Kommission","EU"
"Europäischen Union","EU"
"Europäischen Zentralbank","EU"
"Européens","Europe"
"Eurostat","EU"
"Eurotower","EU"
"Eurowings","Germany"
"Eurozona","EU"
"Eurozone","EU"
"Euskadi","Spain"
"Euskaltel","Spain"
"Evonik","Germany"
"Ewald Nowotny","Austria"
"Exceltur","Spain"
"Exor","Italy"
"Extremadura","Spain"
"Exxon","USA"
"Exxon Mobil","USA"
"ExxonMobil","USA"
"Eybl","Austria"
"F2i","Italy"
"FACC","Austria"
"FBI","USA"
"FC Bayern","Germany"
"FC Bayern Muenchen","Germany"
"FCA","Italy"
"FCA","UK"
"FDA","USA"
"FDP","Germany"
"FDP-Chef","Germany"
"FESF","EU"
"FFG","Austria"
"FFSA","France"
"FGD","Spain"
"FMA","Austria"
"FMC","Germany"
"FMI","World"
"FN","France"
"FNAC","France"
"FNSEA","France"
"FO","France"
"FPÖ","Austria"
"FROB","Spain"
"FSA","UK"
"FSI","France"
"FSU","France"
"FTSE","UK"
"Fabi","Italy"
"Facebook","USA"
"Fadesa","Spain"
"Fannie","USA"
"Fannie Mae","USA"
"Farnesina","Italy"
"Fassino","Italy"
"Fastweb","Italy"
"Faurecia","France"
"Faymann","Austria"
"Fazio","Italy"
"Fbi","USA"
"Fca","UK"
"Fed","USA"
"Federal Reserve","USA"
"Federmeccanica","Italy"
"Feldkirch","Austria"
"Fenosa","Spain"
"Ferdinand Piëch","Germany"
"Fermo","Italy"
"Fernost","Eastern Asia"
"Ferragosto","Italy"
"Ferrara","Italy"
"Ferrari","Italy"
"Ferrero","Italy"
"Ferrovial","Spain"
"Ferrovie","Italy"
"Fi","Italy"
"Fiat","Italy"
"Fidelity","USA"
"Fiera Milano","Italy"
"Fifa","World"
"Figaro","France"
"Figueruelas","Spain"
"Filipinas","Philippines"
"Filippine","Philippines"
"Fillon","France"
"Fim","Italy"
"Financement Participatif France","France"
"Financial Times","UK"
"Finanzaemter","Germany"
"Finanzmarktaufsicht","Austria"
"Fincantieri","Italy"
"Fini","Italy"
"Fininvest","Italy"
"Finland","Finland"
"Finlande","Finland"
"Finlandia","Finland"
"Finmeccanica","Italy"
"Finnen","Finland"
"Finnish","Finland"
"Finnland","Finland"
"Fiom","Italy"
"Firenze","Italy"
"Fitch","USA"
"Fitschen","Germany"
"Fiumicino","Italy"
"Fli","Italy"
"Florence","Italy"
"Florencia","Italy"
"Florentino Pérez","Spain"
"Florenz","Italy"
"Florida","USA"
"Floride","USA"
"Flughafen Wien","Austria"
"Fluidra","Spain"
"Flöttl","Austria"
"Fmi","World"
"Foggia","Italy"
"Fondation de France","France"
"Fondo Monetario Internacional","World"
"Fondo monetario","World"
"Fondo monetario internazionale","World"
"Fonds monétaire international","World"
"Footsie britannique","UK"
"Forbes","USA"
"Ford","USA"
"Forlì","Italy"
"Formel 1","World"
"Formigoni","Italy"
"Formula One","World"
"Fornero","Italy"
"Fort-de-France","France"
"Fortis","Netherlands"
"Fortis","Belgium"
"Forza Italia","Italy"
"Foster","Australia"
"Fox","USA"
"France","France"
"France -","France"
"France 2","France"
"France 24","France"
"France 3","France"
"France 4","France"
"France 5","France"
"France Active","France"
"France Antilles","France"
"France Assureurs","France"
"France Biotech","France"
"France Champignon","France"
"France Chimie","France"
"France Culture","France"
"France Digitale","France"
"France Domaine","France"
"France Football","France"
"France Galop","France"
"France Holding","France"
"France Industrie","France"
"France Info","France"
"France Inter","France"
"France Invest","France"
"France Loisirs","France"
"France Musique","France"
"France Médias Monde","France"
"France Nature","France"
"France Pub","France"
"France Relance","France"
"France Soir","France"
"France Stratégie","France"
"France TV","France"
"France Telecom","France"
"France Thermes","France"
"France Télécom","France"
"France Télécom Câble","France"
"France Télécom-Orange","France"
"France Télévisions","France"
"France Télévisions Publicité","France"
"France-","France"
"France-Allemagne","France"
"France-Soir","France"
"Francesco Rutelli","Italy"
"Francfort","Germany"
"Francia","France"
"Francis Mer","France"
"Francisco González","Spain"
"Franco Frattini","Italy"
"Francoforte","Germany"
"Frank Stronach","Austria"
"Frank-Walter Steinmeier","Germany"
"Franken","Switzerland"
"Frankfurt","Germany"
"Frankfurt am Main","Germany"
"Frankfurter Boerse","Germany"
"Frankreich","France"
"Frankreichs","France"
"Franz Muentefering","Germany"
"Franzose","France"
"Franzosen","France"
"Français","France"
"Française","France"
"François Baroin","France"
"François Bayrou","France"
"François Chérèque","France"
"François Fillon","France"
"François Hollande","France"
"François Mitterrand","France"
"François Pinault","France"
"Fraport","Germany"
"Fratelli d Italia","Italy"
"Frauenthal","Austria"
"Freddie","USA"
"Freddie Mac","USA"
"Freenet","Germany"
"Freiburg","Germany"
"Freistaat","Germany"
"French","France"
"Fresenius","Germany"
"Fresenius Medical Care","Germany"
"Friedrich Merz","Germany"
"Friedrichshain","Germany"
"Friuli","Italy"
"Friuli Venezia Giulia","Italy"
"Front national","France"
"Fráncfort","Germany"
"Fs","Italy"
"Ftse Mib","Italy"
"Fuencarral-El Pardo","Spain"
"Fuenlabrada","Spain"
"Funcas","Spain"
"Fédération de l'industrie allemande","Germany"
"Fédération hospitalière de France","France"
"Fürth","Germany"
"G-20","World"
"G-7","World"
"G20","World"
"G7","World"
"G8","World"
"GDF","France"
"GDL","Germany"
"GDV","Germany"
"GE","USA"
"GKN","UK"
"GKV","Germany"
"GM","USA"
"GMAC","USA"
"GSK","UK"
"Gabriel","Germany"
"Galeries Lafayette","France"
"Galicia","Spain"
"Ganvam","Spain"
"García","Spain"
"Garrigues","Spain"
"Gartner","USA"
"Gas Natural Fenosa","Spain"
"Gasparri","Italy"
"Gaz de France","France"
"Gaza","Palestine"
"Gazastreifen","Israel"
"Gazprom","Russia"
"Gdansk","Poland"
"Gdo","Italy"
"Gebrüder Weiss","Austria"
"Gecina","France"
"Gelmini","Italy"
"Gelsenkirchen","Germany"
"General Electric","USA"
"General Motors","USA"
"Generali France","France"
"Generalitat","Spain"
"Generalitat de Cataluña","Spain"
"Geneva","Switzerland"
"Genf","Switzerland"
"Genoa","Italy"
"Genova","Italy"
"Genua","Italy"
"Genève","Switzerland"
"George Bush","USA"
"George Osborne","UK"
"George W. Bush","USA"
"Georgien","Georgia"
"Gera","Germany"
"Gerhard Schroeder","Germany"
"German","Germany"
"Germania","Germany"
"Germans","Germany"
"Germany","Germany"
"Gerona","Spain"
"Geronzi","Italy"
"Gerusalemme","Israel"
"Gestamp","Spain"
"Getafe","Spain"
"Gewerkschaft Verdi","Germany"
"GfK","Germany"
"Ghana","Ghana"
"Gheddafi","Syria"
"Giancarlo Giorgetti","Italy"
"Gianfranco Fini","Italy"
"Gianni Letta","Italy"
"Giappone","Japan"
"Gijón","Spain"
"Gilles Carrez","France"
"Gilles de Robien","France"
"Giorgia Meloni","Italy"
"Giorgio Napolitano","Italy"
"Gip","Italy"
"Girona","Spain"
"Gironde","France"
"Giuliano Amato","Italy"
"Giulio Tremonti","Italy"
"Giuseppe Conte","Italy"
"Glasgow","UK"
"GlaxoSmithKline","UK"
"Glencore","Switzerland"
"Globalia","Spain"
"Globus","World"
"Glos","Germany"
"Gm","USA"
"Gobierno alemán","Germany"
"Gobierno británico","UK"
"Gobierno español","Spain"
"Gobierno vasco","Spain"
"Gold Fields","South Africa"
"Goldman","USA"
"Goldman Sachs","USA"
"Golf von Mexiko","USA"
"Golfe","Western Asia"
"Golfo","Western Asia"
"Golfstaaten","Western Asia"
"Google","USA"
"Gorbach","Austria"
"Gordon","UK"
"Gordon Brown","UK"
"Gotemburgo","Sweden"
"Governo Monti","Italy"
"Governo Prodi","Italy"
"Governo italiano","Italy"
"Gran Bretagna","UK"
"Gran Bretaña","UK"
"Gran Canaria","Spain"
"Granada","Spain"
"Grand Paris","France"
"Grande-Bretagne","UK"
"Grant Thornton","UK"
"Grasser","Austria"
"Graz","Austria"
"Grazer","Austria"
"Graziano Delrio","Italy"
"Grecia","Greece"
"Greece","Greece"
"Greek","Greece"
"Greeks","Greece"
"Greenspan","USA"
"Grenoble","France"
"Griechenland","Greece"
"Griechenlands","Greece"
"Grifols","Spain"
"Grossbritannien","UK"
"Grossbritanniens","UK"
"Grossmann","Germany"
"Groupama","France"
"Großbritannien","UK"
"Großbritanniens","UK"
"Gruber","Austria"
"Gruene","Germany"
"Gruppo 24 Ore","Italy"
"Grèce","Greece"
"Guardia Civil","Spain"
"Guardia di Finanza","Italy"
"Guardian","UK"
"Gucci","Italy"
"Guglielmo Epifani","Italy"
"Guido Westerwelle","Germany"
"Guillaume Pepy","France"
"Guindos","Spain"
"Guipúzcoa","Spain"
"Gulf","Western Asia"
"Guyane","French Guiana"
"Génova","Italy"
"Géorgie","Georgia"
"Gérard Larcher","France"
"Gérard Mestrallet","France"
"Göteborg","Sweden"
"Göttingen","Germany"
"Güssing","Austria"
"H&M","Sweden"
"HBOS","UK"
"HDE","Germany"
"HEC","France"
"HM Revenue Customs","UK"
"HMV","UK"
"HP","USA"
"HRE","Germany"
"HSBC","UK"
"HSBC France","France"
"HSBC Trinkaus & Burkhardt","Germany"
"HSH","Germany"
"HSH Nordbank","Germany"
"HSV","Germany"
"HVB","Germany"
"Haas","Austria"
"Habeck","Germany"
"Hacienda","Spain"
"Hagen","Germany"
"Haider","Austria"
"Halifax","Canada"
"Hallein","Austria"
"Halliburton","USA"
"Hamas","Palestine"
"Hambourg","Germany"
"Hamburg","Germany"
"Hamburgo","Germany"
"Hamburgs","Germany"
"Hamm","Germany"
"Hang Seng","Hong Kong"
"Haniel","Germany"
"Hannes Androsch","Austria"
"Hannover","Germany"
"Hannover Messe","Germany"
"Hans Eichel","Germany"
"Hans Jörg Schelling","Austria"
"Hans Peter Haselsteiner","Austria"
"Hapag-Lloyd","Germany"
"Hargreaves Lansdown","UK"
"Hartmut Mehdorn","Germany"
"Hartz IV","Germany"
"Harvard","USA"
"Haselsteiner","Austria"
"Hauts-de-France","France"
"Hauts-de-Seine","France"
"Havas","France"
"Heathrow","UK"
"Heidelberg","Germany"
"Heidelberg Cement","Germany"
"Heiko Maas","Germany"
"Heil","Germany"
"Heilbronn","Germany"
"Heineken","Netherlands"
"Heinz Fischer","Austria"
"Helaba","Germany"
"Helmut Elsner","Austria"
"Helmut Kohl","Germany"
"Helmut Schmidt","Germany"
"Helsinki","Finland"
"Henderson","UK"
"Henkel","Germany"
"Henri Proglio","France"
"Hera","Italy"
"Herbert Diess","Germany"
"Herbert Stepic","Austria"
"Hermès","France"
"Herne","Germany"
"Hesperia","Spain"
"Hessen","Germany"
"Hessens","Germany"
"Hewlett-Packard","USA"
"Hexagone","France"
"Hezbollah","Lebanon"
"Hiesinger","Germany"
"Hildesheim","Germany"
"Hillary Clinton","USA"
"Hindu","India"
"Hines France","France"
"Hisbollah","Lebanon"
"Hispanic","USA"
"Hispasat","Spain"
"Hitler","Germany"
"Hizbollah","Lebanon"
"Hochegger","Austria"
"Hochtief","Germany"
"Hoettges","Germany"
"Hofer","Austria"
"Hoffmann","Germany"
"Holanda","Netherlands"
"Holland","Netherlands"
"Hollande","France"
"Hollywood","USA"
"Home Depot","USA"
"Honda","Japan"
"Hong Kong","Hong Kong"
"Hongkong","Hong Kong"
"Hongrie","Hungary"
"Horst Seehofer","Germany"
"Hortaleza","Spain"
"House","USA"
"Houston","USA"
"Hsbc","UK"
"Huawei","China"
"Hubert Gorbach","Austria"
"Hubertus Heil","Germany"
"Huelva","Spain"
"Hugo Boss","Germany"
"Hungarian","Hungary"
"Hungary","Hungary"
"Hungría","Hungary"
"Hussein","Iraq"
"Hutchison","Austria"
"Hypo","Austria"
"Hypo Alpe Adria","Austria"
"Hypo Real Estate","Germany"
"Hypo-Vereinsbank","Germany"
"Hyundai","South Korea"
"IAG","Spain"
"IASB","World"
"IATA","World"
"IBM","USA"
"ICO","Spain"
"IEA","World"
"IEP de Paris","France"
"IG BCE","Germany"
"IG Metall","Germany"
"IHS","Austria"
"IKB","Germany"
"IMF","World"
"INA","Croatia"
"INE","Spain"
"ING","Netherlands"
"ING Direct","Spain"
"IRS","USA"
"IS","Western Asia"
"ITV","UK"
"IV","Austria"
"IV-Präsident","Austria"
"IVG","Germany"
"IW","Germany"
"IWF","World"
"Iasi","Romania"
"Ibercaja","Spain"
"Iberdrola","Spain"
"Iberdrola Renovables","Spain"
"Iberia","Spain"
"Iberia Express","Spain"
"Ibex","Spain"
"Ibiza","Spain"
"Ibm","USA"
"Ice","Italy"
"Iceland","Iceland"
"Icex","Spain"
"Ici","Italy"
"Idv","Italy"
"Ifema","Spain"
"Ifop","France"
"Ignacio Sánchez Galán","Spain"
"Ignazio Visco","Italy"
"Ikea","Sweden"
"Ikea France","France"
"Ile-de-France","France"
"Ile-de-France Mobilités","France"
"Iliad","Italy"
"Illinois","USA"
"Ilva","Italy"
"Immoeast","Austria"
"Immofinanz","Austria"
"Impregilo","Italy"
"Imu","Italy"
"Inail","Italy"
"Inde","India"
"Inder","India"
"India","India"
"Indian","India"
"Indians","India"
"Indien","India"
"Indiens","India"
"Inditex","Spain"
"Indonesia","Indonesia"
"Indonesian","Indonesia"
"Indonesien","Indonesia"
"Indonésie","Indonesia"
"Indra","Spain"
"Industriellenvereinigung","Austria"
"Infineon","Germany"
"Inghilterra","UK"
"Inglaterra","UK"
"Ingolstadt","Germany"
"Initiative France","France"
"Innogy","Germany"
"Innsbruck","Austria"
"Innsbrucker","Austria"
"Inpdap","Italy"
"Inps","Italy"
"Insee","France"
"Inserm","France"
"Instagram","USA"
"Institut Montaigne","France"
"Institut de France","France"
"Instituto Nacional de Estadística","Spain"
"Instituto de Crédito Oficial","Spain"
"Instituto de Empresa","Spain"
"Instituts der deutschen Wirtschaft","Germany"
"Intel","USA"
"Inter","Italy"
"Intercell","Austria"
"Intermarché","France"
"Internationale Waehrungsfonds","World"
"Internationale Währungsfonds","World"
"Internationalen Währungsfonds","World"
"Intersport France","France"
"Intesa Sanpaolo","Italy"
"Inverco","Spain"
"Investec","South Africa"
"Invitalia","Italy"
"Iowa","USA"
"Ipsos","France"
"Irak","Iraq"
"Iraker","Iraq"
"Iraks","Iraq"
"Iran","Iran"
"Iranian","Iran"
"Iranians","Iran"
"Irans","Iran"
"Irap","Italy"
"Iraq","Iraq"
"Iraqi","Iraq"
"Iraqis","Iraq"
"Ireland","Ireland"
"Ires","Italy"
"Iri","Italy"
"Irish","Ireland"
"Irland","Ireland"
"Irlanda","Ireland"
"Irlande","Ireland"
"Irán","Iran"
"Isae","Italy"
"Isee","Italy"
"Isidro Fainé","Spain"
"Isis","Western Asia"
"Islamabad","Pakistan"
"Island","Iceland"
"Islandia","Iceland"
"Isolux","Spain"
"Israel","Israel"
"Israele","Israel"
"Israeli","Israel"
"Israelis","Israel"
"Israels","Israel"
"Israël","Israel"
"Istanbul","Türkiye"
"Istat","Italy"
"Isvap","Italy"
"Isère","France"
"Italcementi","Italy"
"Italia","Italy"
"Italian","Italy"
"Italians","Italy"
"Italicum","Italy"
"Italie","Italy"
"Italien","Italy"
"Italiener","Italy"
"Italiens","Italy"
"Italy","Italy"
"Its","Italy"
"Ivory Coast","Ivory Coast"
"Izar","Spain"
"JCDecaux","France"
"JDD","France"
"JP Morgan","USA"
"JP Morgan Chase","USA"
"JPMorgan","USA"
"JPMorgan Cazenove","USA"
"JPMorgan Chase","USA"
"Jacques Chirac","France"
"Jain","Germany"
"Jakarta","Indonesia"
"Janet Yellen","USA"
"Japan","Japan"
"Japaner","Japan"
"Japanese","Japan"
"Japans","Japan"
"Japon","Japan"
"Japonais","Japan"
"Japón","Japan"
"Jazztel","Spain"
"Jaén","Spain"
"Jean Castex","France"
"Jean-Claude Juncker","EU"
"Jean-Claude Juncker","Luxembourg"
"Jean-Claude Mailly","France"
"Jean-Claude Trichet","EU"
"Jean-Claude Trichet","France"
"Jean-François Copé","France"
"Jean-Louis Borloo","France"
"Jean-Luc Mélenchon","France"
"Jean-Marc Ayrault","France"
"Jean-Marie Le Pen","France"
"Jean-Pierre Raffarin","France"
"Jeff Bezos","USA"
"Jefferies","USA"
"Jena","Germany"
"Jens Spahn","Germany"
"Jerez de la Frontera","Spain"
"Jersey","UK"
"Jerusalem","Israel"
"JoWooD","Austria"
"Joaquín Almunia","Spain"
"Joe Biden","USA"
"Joe Kaeser","Germany"
"Johannes Teyssen","Germany"
"Johannesburg","South Africa"
"John Cryan","Germany"
"John Kerry","USA"
"John Lewis","UK"
"Johnson","UK"
"Johnson & Johnson","USA"
"Johnson Johnson","USA"
"Jordan","Jordan"
"Jordanien","Jordan"
"Joschka Fischer","Germany"
"Josef Ackermann","Germany"
"Josef Pröll","Austria"
"Josef Pühringer","Austria"
"José Blanco","Spain"
"José Ignacio Goirigolzarri","Spain"
"José Luis Rodríguez Zapatero","Spain"
"José Manuel Barroso","Portugal"
"José Manuel Soria","Spain"
"José María Aznar","Spain"
"José Montilla","Spain"
"Jp Morgan","USA"
"Juergen Fitschen","Germany"
"Juergen Ruettgers","Germany"
"Juergen Trittin","Germany"
"Julius Baer","Germany"
"Juncker","Luxembourg"
"Juncker","EU"
"Jupiter","UK"
"Juventus","Italy"
"Jérusalem","Israel"
"Jörg Haider","Austria"
"K+S","Germany"
"KBL France","France"
"KKR","USA"
"KLM","Netherlands"
"KPMG","UK"
"KPMG","Netherlands"
"KPMG","Switzerland"
"KPMG France","France"
"KPN","Netherlands"
"KSV","Austria"
"Kabul","Afghanistan"
"Kaellenius","Germany"
"Kaeser","Germany"
"Kairo","Egypt"
"Kalifornien","USA"
"Kanada","Canada"
"Kanadas","Canada"
"Kanadier","Canada"
"Kanzleramt","Germany"
"Kapfenberg","Austria"
"Kapsch","Austria"
"Karl Petrikovics","Austria"
"Karl-Heinz Grasser","Austria"
"Karl-Theodor zu Guttenberg","Germany"
"Karstadt","Germany"
"Kasachstan","Kazakhstan"
"Kassel","Germany"
"Katalonien","Spain"
"Katar","Qatar"
"Katowice","Poland"
"Kattowitz","Poland"
"Kaufhof","Germany"
"Kazakh","Kazakhstan"
"Kazakhstan","Kazakhstan"
"Kelly","UK"
"Kensington","UK"
"Kent","UK"
"Kenya","Kenya"
"Keolis","France"
"Kering","France"
"Kerry","USA"
"KfW","Germany"
"Kiel","Germany"
"Kiev","Ukraine"
"Kiew","Ukraine"
"Kika","Austria"
"Kitzbühel","Austria"
"Klagenfurt","Austria"
"Klagenfurter","Austria"
"Klinsmann","Germany"
"Klosterneuburg","Austria"
"Knight Frank","UK"
"Koblenz","Germany"
"Koeln","Germany"
"Koelner","Germany"
"Kohl","Germany"
"Kolumbien","Colombia"
"Kommunen","Germany"
"Kopenhagen","Denmark"
"Korea","South Korea"
"Korean","South Korea"
"Korneuburg","Austria"
"Kosovo","Serbia"
"Kosovo","Western Europe"
"Kovats","Austria"
"Kpmg","Switzerland"
"Kraft","USA"
"Krakau","Poland"
"Krefeld","Germany"
"Kreml","Russia"
"Kremlin","Russia"
"Kreuzberg","Germany"
"Krim","Ukraine"
"Kroatien","Croatia"
"Kroatiens","Croatia"
"Kuba","Cuba"
"Kufstein","Austria"
"Kuka","Germany"
"Kurden","Western Asia"
"Kurdish","Türkiye"
"Kurds","Iraq"
"Kurt Beck","Germany"
"Kutxa","Spain"
"Kutxabank","Spain"
"Kuwait","Kuwait"
"Kyoto","Japan"
"Kärnten","Austria"
"Kärntens","Austria"
"Kärntner","Austria"
"Köln","Germany"
"L'Espagne","Spain"
"L'Europe","Europe"
"L'Hospitalet de Llobregat","Spain"
"L'Italie","Italy"
"L'Oréal","France"
"LA","USA"
"LBB","Germany"
"LBBW","Germany"
"LCI","France"
"LDP","UK"
"LG","South Korea"
"LME","UK"
"LR","France"
"LREM","France"
"LSE","UK"
"LVMH","France"
"La Banque Postale","France"
"La Caixa","Spain"
"La Chine","China"
"La Comisión Europea","EU"
"La Coruña","Spain"
"La France","France"
"La Haya","Netherlands"
"La Laguna","Spain"
"La Moncloa","Spain"
"La Poste","France"
"La Rioja","Spain"
"La Rochelle","France"
"La7","Italy"
"Lactalis","France"
"Lafarge","France"
"Lafontaine","Germany"
"Lagardère","France"
"Lagos","Nigeria"
"Laibach","Slovenia"
"Lampedusa","Italy"
"Lancashire","UK"
"Land Kärnten","Austria"
"Land Niederösterreich","Austria"
"Land Steiermark","Austria"
"Landesbank","Germany"
"Landesbank Baden-Wuerttemberg","Germany"
"Landesbank Hessen-Thueringen","Germany"
"Landtag","Germany"
"Landtagswahl","Germany"
"Lanxess","Germany"
"Las Palmas de Gran Canaria","Spain"
"Las Vegas","USA"
"Laschet","Germany"
"Latin America","South America"
"Latin American","South America"
"Latina","Spain"
"Latinoamérica","Latin America and the Caribbean"
"Latvia","Latvia"
"Lauda","Austria"
"Laurence Parisot","France"
"Laurent Berger","France"
"Laurent Fabius","France"
"Laurent Wauquiez","France"
"Lauterbach","Germany"
"Lazard","USA"
"Lazio","Italy"
"Le Figaro","France"
"Le Japon","Japan"
"Le Monde","France"
"Le Pen","France"
"Lebanese","Lebanon"
"Lebanon","Lebanon"
"Lecce","Italy"
"Lecco","Italy"
"Lee","Singapore"
"Leeds","UK"
"Lega","Italy"
"Lega Nord","Italy"
"Leganés","Spain"
"Legrand","France"
"Lehman","USA"
"Lehman Brothers","USA"
"Leibnitz","Austria"
"Leipzig","Germany"
"Leitl","Austria"
"Leitner","Austria"
"Lenovo","China"
"Lenzing","Austria"
"Leo Kirch","Germany"
"Leoben","Austria"
"Leonardo","Italy"
"Leone","Italy"
"Leoni","Germany"
"Les Echos","France"
"Letizia Moratti","Italy"
"Letonia","Latvia"
"Letta","Italy"
"Lettland","Latvia"
"Lettonia","Latvia"
"Lettonie","Latvia"
"Levante","Western Asia"
"Leverkusen","Germany"
"Leverkusener","Germany"
"Leyen","Germany"
"León","Spain"
"Liban","Lebanon"
"Libano","Lebanon"
"Libanon","Lebanon"
"Liberal Democrats","UK"
"Liberbank","Spain"
"Libia","Libya"
"Libya","Libya"
"Libyan","Libya"
"Libye","Libya"
"Libyen","Libya"
"Libération","France"
"Lidl","Germany"
"Liechtenstein","Liechtenstein"
"Lienz","Austria"
"Ligresti","Italy"
"Liguria","Italy"
"Lille","France"
"Lilly France","France"
"Linate","Italy"
"Linde","Germany"
"Lindner","Germany"
"Lingotto","Italy"
"LinkedIn","USA"
"Linux","Finland"
"Linz","Austria"
"Linzer","Austria"
"Lione","France"
"Lionel Jospin","France"
"Lipsia","Germany"
"Lisboa","Portugal"
"Lisbon","Portugal"
"Lisbona","Portugal"
"Lisbonne","Portugal"
"Lissabon","Portugal"
"Litauen","Lithuania"
"Lithuania","Lithuania"
"Lituania","Lithuania"
"Lituanie","Lithuania"
"Liverpool","UK"
"Livorno","Italy"
"Lleida","Spain"
"Lloyd s","UK"
"Lloyds","UK"
"Lloyds Banking Group","UK"
"Lodi","Italy"
"Loew","Germany"
"Logroño","Spain"
"Loire","France"
"Lombardia","Italy"
"London","UK"
"Londra","UK"
"Londres","UK"
"Lorraine","France"
"Los Angeles","USA"
"Los Ángeles","USA"
"Louis Gallois","France"
"Louisiana","USA"
"Luc Chatel","France"
"Luca Cordero","Italy"
"Lucca","Italy"
"Ludwig Scharinger","Austria"
"Ludwigshafen am Rhein","Germany"
"Luecke","EU"
"Lufthansa","Germany"
"Luis de Guindos","Spain"
"Luis del Rivero","Spain"
"Luiss","Italy"
"Lukoil","Russia"
"Lula","Brazil"
"Lussemburgo","Luxembourg"
"Lustenau","Austria"
"Luxembourg","Luxembourg"
"Luxemburg","Luxembourg"
"Luxemburger","Luxembourg"
"Luxemburgo","Luxembourg"
"Luxottica","Italy"
"Lvmh","France"
"Lyon","France"
"Lübeck","Germany"
"M5S","Italy"
"M5s","Italy"
"M6","France"
"MAB","Spain"
"MAN","Germany"
"MARF","Spain"
"MDax","Germany"
"MEL","Austria"
"MG France","France"
"MIT","USA"
"MLP","Germany"
"MOL","Hungary"
"MPC","UK"
"MSCI","USA"
"MTU","Germany"
"Maas","Germany"
"Macif","France"
"Macquarie","Australia"
"Macron","France"
"Madrid","Spain"
"Maduro","Venezuela"
"Magdeburg","Germany"
"Maghreb","Northern Africa"
"Magna Steyr","Austria"
"Mailand","Italy"
"Mailänder","Italy"
"Mailänder Börse","Italy"
"Mainz","Germany"
"Maison de la France","France"
"Maison-Blanche","USA"
"Maisons France","France"
"Maisons France Confort","France"
"Malaga","Spain"
"Malaisie","Malaysia"
"Malasia","Malaysia"
"Malaysia","Malaysia"
"Malaysian","Malaysia"
"Mali","Mali"
"Mallorca","Spain"
"Malmö","Sweden"
"Malpensa","Italy"
"Malta","Malta"
"Malte","Malta"
"Manchester","UK"
"Manchester United","UK"
"Mandelson","UK"
"Mango","Spain"
"Manhattan","USA"
"Mannheim","Germany"
"Mannheimer","Germany"
"Mantova","Italy"
"Manuel Pizarro","Spain"
"Manuel Valls","France"
"Mapfre","Spain"
"Marbella","Spain"
"Marcegaglia","Italy"
"Marche","Italy"
"Marchionne","Italy"
"Marco Tronchetti Provera","Italy"
"Margaret Thatcher","UK"
"Margherita","Italy"
"Maria Fekter","Austria"
"Maria Rauch-Kallat","Austria"
"Mariano Rajoy","Spain"
"Marie France","France"
"Marienthal","Germany"
"Marine Le Pen","France"
"Mario Draghi","EU"
"Mario Draghi","Italy"
"Mario Monti","Italy"
"Mark Zuckerberg","USA"
"Markus Soeder","Germany"
"Maroc","Morocco"
"Marocco","Morocco"
"Marokko","Morocco"
"Maroni","Italy"
"Marruecos","Morocco"
"Marsalek","Germany"
"Marsans","Spain"
"Marseille","France"
"Marsella","France"
"Marsh France","France"
"Marsiglia","France"
"Martin Bartenstein","Austria"
"Martin Huber","Austria"
"Martin Schulz","Germany"
"Martin Winterkorn","Germany"
"Martin Wolf","UK"
"Martine Aubry","France"
"Martinsa Fadesa","Spain"
"Martorell","Spain"
"Marzahn","Germany"
"Maserati","Italy"
"Massachusetts","USA"
"Massimo D'Alema","Italy"
"Mastella","Italy"
"MasterCard","USA"
"Mataró","Spain"
"Matignon","France"
"Mattarella","Italy"
"Matteo Renzi","Italy"
"Matteo Salvini","Italy"
"Matthias Mueller","Germany"
"Maurizio Gasparri","Italy"
"Maurizio Sacconi","Italy"
"May","UK"
"Mayfair","UK"
"Mayr-Melnhof","Austria"
"Mazedonien","North Macedonia"
"McCain","USA"
"McDo France","France"
"McDonald s","USA"
"McDonald'","USA"
"McDonald's","USA"
"McKinsey","USA"
"Mecklenburg-Vorpommern","Germany"
"Medef","France"
"Medicare","USA"
"Mediobanca","Italy"
"Mediterranean","Europe"
"Medwedjew","Russia"
"Mef","Italy"
"Mehdorn","Germany"
"Meinl","Austria"
"Meinl Bank","Austria"
"Meinl European Land","Austria"
"Melbourne","Australia"
"Melfi","Italy"
"Melilla","Spain"
"Meliá","Spain"
"Meloni","Italy"
"Mercado Alternativo Bursátil","Spain"
"Mercadona","Spain"
"Mercedes","Germany"
"Mercedes-Benz","Germany"
"Merck","Germany"
"Merkel","Germany"
"Merkels","Germany"
"Merkur","Austria"
"Merrill","USA"
"Merrill Lynch","USA"
"Mervyn King","UK"
"Merz","Germany"
"Messico","Mexico"
"Messina","Italy"
"Mestre","Italy"
"Metro","Germany"
"Metrovacesa","Spain"
"Metz","France"
"Mexican","Mexico"
"Mexico","Mexico"
"Mexico City","Mexico"
"Mexiko","Mexico"
"Mexique","Mexico"
"Meyer","Germany"
"Mezzogiorno","Italy"
"Miami","USA"
"Miba","Austria"
"Michael Glos","Germany"
"Michael Häupl","Austria"
"Michael Spindelegger","Austria"
"Michel Barnier","France"
"Michel Sapin","France"
"Michelin","France"
"Michigan","USA"
"Michèle Alliot-Marie","France"
"Microsoft","USA"
"Middelhoff","Germany"
"Middle East","Western Asia"
"Middle Eastern","Western Asia"
"Miguel Blesa","Spain"
"Miguel Sebastián","Spain"
"Miguel Ángel Fernández Ordóñez","Spain"
"Milan","Italy"
"Milano","Italy"
"Miliband","UK"
"Milán","Italy"
"Ministerio de Fomento","Spain"
"Ministerio de Hacienda","Spain"
"Ministerio de Industria","Spain"
"Ministerio de Sanidad","Spain"
"Ministerpraesidenten","Germany"
"Minsk","Belarus"
"Mirafiori","Italy"
"Mirko Kovats","Austria"
"Mise","Italy"
"Mississippi","USA"
"Mit","USA"
"Mitsubishi","Japan"
"Mitterlehner","Austria"
"Mizuho","Japan"
"MoD","UK"
"Mobilcom","Germany"
"Mobilkom","Austria"
"Modem","France"
"Modena","Italy"
"Moers","Germany"
"Molise","Italy"
"Molterer","Austria"
"Monaco","Monaco"
"Moncloa","Spain"
"Moncloa-Aravaca","Spain"
"Mondadori","Italy"
"Mondadori France","France"
"Monoprix","France"
"Monsanto","USA"
"Monte dei Paschi","Italy"
"Montecitorio","Italy"
"Montenegro","Montenegro"
"Montezemolo","Italy"
"Monti","Italy"
"Montoro","Spain"
"Montpellier","France"
"Montréal","Canada"
"Monza","Italy"
"Moody","USA"
"Moody s","USA"
"Moody'","USA"
"Moody's","USA"
"Moody’s","USA"
"Moratalaz","Spain"
"Moratti","Italy"
"Morgan Stanley","USA"
"Morningstar","USA"
"Morningstar France","France"
"Morocco","Morocco"
"Morrison","UK"
"Mosca","Russia"
"Moscou","Russia"
"Moscow","Russia"
"Moscú","Russia"
"Moselle","France"
"Moskau","Russia"
"Moskauer","Russia"
"Moskaus","Russia"
"Motorola","USA"
"Mouvement des entreprises de France","France"
"Mouvement pour la France","France"
"Movimento 5 Stelle","Italy"
"Movistar","Spain"
"Moyen-Orient","Western Asia"
"Mozart","Austria"
"Mps","Italy"
"Mr Abe","Japan"
"Mr Blair","UK"
"Mr Brown","UK"
"Mr Draghi","Italy"
"Mr Hollande","France"
"Mr Li","China"
"Mr Modi","India"
"Mr Osborne","UK"
"Mrs Clinton","USA"
"Mrs May","UK"
"Ms Merkel","Germany"
"Muenchen","Germany"
"Muenchener Rueck","Germany"
"Muenster","Germany"
"Muentefering","Germany"
"Mugabe","Zimbabwe"
"Mulhouse","France"
"Mumbai","India"
"Munich","Germany"
"Munich Re","Germany"
"Murcia","Spain"
"Murdoch","USA"
"Musk","USA"
"Mutua Madrileña","Spain"
"Myanmar","Myanmar"
"Málaga","Spain"
"MásMóvil","Spain"
"Médiamétrie","France"
"Météo France","France"
"Météo-France","France"
"México","Mexico"
"Móstoles","Spain"
"Mödling","Austria"
"Mönchengladbach","Germany"
"Múnich","Germany"
"München","Germany"
"Münchener Rück","Germany"
"Münster","Germany"
"NH","Spain"
"NH Hoteles","Spain"
"NHS","UK"
"NRJ","France"
"NRW","Germany"
"NSA","USA"
"NYSE","USA"
"Naciones Unidas","World"
"Nadal","Spain"
"Nadia Calviño","Spain"
"Nahles","Germany"
"Nancy","France"
"Nanterre","France"
"Nantes","France"
"Napoli","Italy"
"Napolitano","Italy"
"Nasa","USA"
"Nasdaq","USA"
"Nasdaq Composite","USA"
"NatWest","UK"
"Nationalbank","Austria"
"Nationalrat","Austria"
"Nations unies","World"
"Natixis","France"
"Nato","World"
"Naturgy","Spain"
"Navantia","Spain"
"Navarra","Spain"
"Nazi","Germany"
"Nazioni Unite","World"
"Nazis","Germany"
"Ncd","Italy"
"Neapel","Italy"
"Nestlé","Switzerland"
"Netanyahu","Israel"
"Netflix","USA"
"Netherlands","Netherlands"
"Network Rail","UK"
"Neukölln","Germany"
"Neumann","Germany"
"Neuseeland","New Zealand"
"Neuss","Germany"
"Nevada","USA"
"New Delhi","India"
"New Hampshire","USA"
"New Jersey","USA"
"New Orleans","USA"
"New York","USA"
"New York City","USA"
"New York Times","USA"
"New Yorker","USA"
"New Yorker Boerse","USA"
"New Zealand","New Zealand"
"Newcastle","UK"
"News Corp","USA"
"Nexans","France"
"Nexity","France"
"Next","UK"
"Nice","USA"
"Nicolas Hulot","France"
"Nicolas Sarkozy","France"
"Niederlande","Netherlands"
"Niederlanden","Netherlands"
"Niederländer","Netherlands"
"Niedersachsen","Germany"
"Niedersachsens","Germany"
"Niederösterreich","Austria"
"Niederösterreicher","Austria"
"Niederösterreichs","Austria"
"Nigeria","Nigeria"
"Nigerian","Nigeria"
"Nike","USA"
"Niki Lauda","Austria"
"Nikkei","Japan"
"Nintendo","Japan"
"Nissan","Japan"
"Nixon","USA"
"Niza","France"
"Nizza","France"
"Nokia","Finland"
"Nomura","Japan"
"Norbert Roettgen","Germany"
"Nord America","USA"
"Nord Europa","Northern Europe"
"Nord Italia","Italy"
"NordLB","Germany"
"Nordamerika","USA"
"Nordkorea","North Korea"
"Nordrhein-Westfalen","Germany"
"Nordsee","Northern Europe"
"Norimberga","Germany"
"Normandie","France"
"Norteamérica","USA"
"North America","USA"
"North American","USA"
"North Carolina","USA"
"North Korea","North Korea"
"North Korean","North Korea"
"North Sea","Northern Europe"
"Northern Ireland","UK"
"Northern Rock","UK"
"Noruega","Norway"
"Norvegia","Norway"
"Norvège","Norway"
"Norway","Norway"
"Norwegen","Norway"
"Norwegian","Norway"
"Nou Barris","Spain"
"Nouvelle-Calédonie","France"
"Nouvelle-Zélande","New Zealand"
"Novagalicia","Spain"
"Novara","Italy"
"Novartis","Switzerland"
"Novomatic","Austria"
"Nowotny","Austria"
"Nuernberg","Germany"
"Nuernberger","Germany"
"Nueva York","USA"
"Nueva Zelanda","New Zealand"
"Numericable","France"
"Numis","UK"
"Nuova Zelanda","New Zealand"
"Nvidia","USA"
"Nymex","USA"
"Nyse","USA"
"Nyse Euronext","Europe"
"NÖ","Austria"
"Nápoles","Italy"
"Núremberg","Germany"
"Nürnberg","Germany"
"O2","Spain"
"OBR","UK"
"OCDE","World"
"OECD","World"
"OFT","UK"
"OGH","Austria"
"OHL","Spain"
"OMC","World"
"OMS","World"
"OMV","Austria"
"ONS","UK"
"ONU","World"
"ORF","Austria"
"OTAN","World"
"Obama","USA"
"Obamas","USA"
"Oberbank","Austria"
"Oberhausen","Germany"
"Obermann","Germany"
"Oberösterreich","Austria"
"Oberösterreicher","Austria"
"Oberösterreichs","Austria"
"Ocado","UK"
"Ocse","Europe"
"OeNB","Austria"
"Oesterreich","Austria"
"Oesterreicher","Austria"
"Oesterreichs","Austria"
"Oettinger","Germany"
"Ofcom","UK"
"Offenbach","Germany"
"Ohio","USA"
"Olaf Scholz","Germany"
"Olanda","Netherlands"
"Oldenburg","Germany"
"Oleg Deripaska","Russia"
"Olivetti","Italy"
"Olympia","World"
"Omicron","World"
"Oms","World"
"Onu","World"
"Opec","World"
"Opel","Germany"
"Opep","World"
"Oppenheim","Germany"
"Oracle","USA"
"Orange France","France"
"Organisation mondiale du commerce","World"
"Organización Mundial del Comercio","World"
"Orly","France"
"Orléans","France"
"Ortner","Austria"
"Osborne","UK"
"Osnabrueck","Germany"
"Osnabrück","Germany"
"Osram","Germany"
"Ostdeutschland","Germany"
"Osterloh","Germany"
"Osteuropas","Eastern Europe"
"Ostsee","Northern Europe"
"Ostösterreich","Austria"
"Otan","World"
"Ottakringer","Austria"
"Otto","Germany"
"Ouest-France","France"
"Ourense","Spain"
"Oviedo","Spain"
"Oxfam France","France"
"Oxford","UK"
"OÖ","Austria"
"Oö","Austria"
"P G","UK"
"PCF","France"
"PDS","Germany"
"PFI","UK"
"PKV","Germany"
"PNV","Spain"
"PP","Spain"
"PPP","Pakistan"
"PPR","France"
"PRISA","Spain"
"PS","France"
"PSA","France"
"PSC","Spain"
"PSG","France"
"PSOE","Spain"
"Pablo Iglesias","Spain"
"Pac","EU"
"Paca","France"
"Pacific","World"
"Pacto de Estabilidad","EU"
"Pacto de Toledo","Spain"
"Paderborn","Germany"
"Padoa-Schioppa","Italy"
"Padoan","Italy"
"Padova","Italy"
"Paesi Bassi","Netherlands"
"Paesi Ue","Europe"
"Paesi europei","Europe"
"Pakistan","Pakistan"
"Pakistani","Pakistan"
"Palazzo Chigi","Italy"
"Palazzo Madama","Italy"
"Palencia","Spain"
"Palermo","Italy"
"Palestina","Palestine"
"Palestinian","Palestine"
"Palestinians","Palestine"
"Palfinger","Austria"
"Palma","Spain"
"Palma de Mallorca","Spain"
"Palmers","Austria"
"Pamplona","Spain"
"Panamá","Panama"
"Panasonic","Japan"
"Pankl","Austria"
"Paolo Gentiloni","Italy"
"Paolo Scaroni","Italy"
"Parigi","France"
"Paris","France"
"Paris Ile-de-France","France"
"Pariser","France"
"Parisian","France"
"Parisien","France"
"Parisiens","France"
"Parla","Spain"
"Parlamento Europeo","EU"
"Parlamento europeo","EU"
"Parlement allemand","Germany"
"Parlement britannique","UK"
"Parlement européen","EU"
"Parma","Italy"
"Partido Popular","Spain"
"Partito democratico","Italy"
"París","France"
"Pas-de-Calais","France"
"Passera","Italy"
"Patrick Devedjian","France"
"Patrick Drahi","France"
"Pau","France"
"Paul Achleitner","Germany"
"Pavia","Italy"
"Paypal","USA"
"Pays de la Loire","France"
"Pays-Bas","Netherlands"
"País Vasco","Spain"
"Países Bajos","Netherlands"
"Pci","Italy"
"Pd","Italy"
"Pdl","Italy"
"Pechiney","France"
"Pechino","China"
"Pedemontana","Italy"
"Pedro Solbes","Spain"
"Pedro Sánchez","Spain"
"Peer Steinbrueck","Germany"
"Peking","China"
"Pekings","China"
"Pekín","China"
"Pemex","Mexico"
"Penisola","Italy"
"Pennsylvania","USA"
"Pentagon","USA"
"Pentagono","USA"
"PepsiCo","USA"
"Permira","UK"
"Pernod Ricard","France"
"Peru","Peru"
"Perugia","Italy"
"Perù","Peru"
"Perú","Peru"
"Pescanova","Spain"
"Pescara","Italy"
"Peter Altmaier","Germany"
"Peter Loescher","Germany"
"Peter Ramsauer","Germany"
"Peter Struck","Germany"
"Petrikovics","Austria"
"Petrobras","Brazil"
"Petrom","Romania"
"Peugeot","France"
"Pfizer","USA"
"Pforzheim","Germany"
"Philharmonique de Radio France","France"
"Philip","UK"
"Philip Hammond","UK"
"Philipp Roesler","Germany"
"Philippinen","Philippines"
"Philippines","Philippines"
"Philips","Netherlands"
"Phillips","Netherlands"
"Piacenza","Italy"
"Piaggio","Italy"
"Piazza Affari","Italy"
"Piazzetta Cuccia","Italy"
"Piemonte","Italy"
"Pier Carlo Padoan","Italy"
"Pier Ferdinando Casini","Italy"
"Pier Luigi Bersani","Italy"
"Pierer","Austria"
"Pierluigi Bersani","Italy"
"Piero Fassino","Italy"
"Pierre Gattaz","France"
"Pierre Mendès France","France"
"Pierre Moscovici","France"
"Pimco","USA"
"Pininfarina","Italy"
"Piombino","Italy"
"Pirelli","Italy"
"Pisa","Italy"
"Piëch","Germany"
"Plovdiv","Bulgaria"
"Pnrr","Italy"
"Podemos","Spain"
"Poitiers","France"
"Poland","Poland"
"Polen","Poland"
"Polens","Poland"
"Polish","Poland"
"Politecnico di Milano","Italy"
"Pologne","Poland"
"Polonia","Poland"
"Polytec","Austria"
"Pomigliano","Italy"
"Pompei","Italy"
"Porr","Austria"
"Porsche","Germany"
"Portogallo","Portugal"
"Portugal","Portugal"
"Portugal Telecom","Portugal"
"Portuguese","Portugal"
"Post","Austria"
"Postbank","Germany"
"Poste","Italy"
"Poste Italiane","Italy"
"Potsdam","Germany"
"Pounds","UK"
"Poutine","Russia"
"Powell","USA"
"Ppe","Italy"
"Prada","Italy"
"Prag","Czechia"
"Praga","Czechia"
"Prato","Italy"
"Premafin","Italy"
"Premier League","UK"
"Premier ministre britannique","UK"
"Premiership","UK"
"Première ministre britannique","UK"
"Prenzlauer Berg","Germany"
"Presidenza del Consiglio","Italy"
"PricewaterhouseCoopers","UK"
"Prisa","Spain"
"Procter & Gamble","USA"
"Procter Gamble","USA"
"Procura","Italy"
"Prodi","Italy"
"Profumo","Italy"
"Prokon","Germany"
"Prosegur","Spain"
"Province autonome di Trento","Italy"
"Prudential","USA"
"Prysmian","Italy"
"Pröll","Austria"
"Psa","France"
"Publicis","France"
"Puente de Vallecas","Spain"
"Puerto Rico","Puerto Rico"
"Puglia","Italy"
"Puma","Germany"
"Putin","Russia"
"Putins","Russia"
"PwC","UK"
"PwC France","France"
"Pyongyang","North Korea"
"Pékin","China"
"Pérez","Spain"
"Pérou","Peru"
"Pôle emploi","France"
"Pühringer","Austria"
"Qantas","Australia"
"Qatar","Qatar"
"Qualcomm","USA"
"Queen","UK"
"Quirinale","Italy"
"RAG","Germany"
"RATP","France"
"RBC Capital Markets","Canada"
"RBI","Austria"
"RBS","UK"
"RCB","Austria"
"REE","Spain"
"RFF","France"
"RHI","Austria"
"RI","Austria"
"RLB","Austria"
"RLB OÖ","Austria"
"ROMA","Italy"
"RSA","UK"
"RSC","Spain"
"RTE","France"
"RTVE","Spain"
"RWE","Germany"
"RZB","Austria"
"Radio France","France"
"Radio France Internationale","France"
"Radiocor","Italy"
"Rafael del Pino","Spain"
"Rafale","France"
"Raffaele Bonanni","Italy"
"Rai","Italy"
"Raiffeisen","Austria"
"Raiffeisen Bank International","Austria"
"Raiffeisen Centrobank","Austria"
"Raiffeisen International","Austria"
"Rainer Bruederle","Germany"
"Rajoy","Spain"
"Rasinger","Austria"
"Rato","Spain"
"Ravenna","Italy"
"Rbs","UK"
"Rcs","Italy"
"Real Madrid","Spain"
"Realia","Spain"
"Recklinghausen","Germany"
"Red Bull","Austria"
"Red Eléctrica","Spain"
"Refinitiv","USA"
"Regensburg","Germany"
"Reggio Calabria","Italy"
"Reggio Emilia","Italy"
"Regione Lazio","Italy"
"Regione Lombardia","Italy"
"Regno Unito","UK"
"Reims","France"
"Reinhold Mitterlehner","Austria"
"Reino Unido","UK"
"Reitzle","Germany"
"Reliance","India"
"Remscheid","Germany"
"Renato Brunetta","Italy"
"Renault","France"
"Renfe","Spain"
"Rennes","France"
"Renzi","Italy"
"René Obermann","Germany"
"Repraesentantenhaus","USA"
"Repsol","Spain"
"Repsol YPF","Spain"
"Repubblica Ceca","Czechia"
"Republican","USA"
"Republicans","USA"
"Republik Österreich","Austria"
"Republikanern","USA"
"República Checa","Czechia"
"República Dominicana","Dominican Republic"
"Reserva Federal","USA"
"Retiro","Spain"
"Reus","Spain"
"Reuters","UK"
"Reutlingen","Germany"
"Rewe","Germany"
"Rfi","Italy"
"Rhein","Germany"
"Rheinland","Germany"
"Rheinland-Pfalz","Germany"
"Rheinmetall","Germany"
"Rhodia","France"
"Rhône","France"
"Rhône-Alpes","France"
"Riad","Saudi Arabia"
"Rifondazione","Italy"
"Riga","Latvia"
"Rimini","Italy"
"Rio Tinto","UK"
"Riofisa","Spain"
"Rishi Sunak","UK"
"Riyadh","Saudi Arabia"
"Robert Habeck","Germany"
"Roberto Calderoli","Italy"
"Roberto Castelli","Italy"
"Roberto Formigoni","Italy"
"Roberto Maroni","Italy"
"Roche","Switzerland"
"Rodrigo Rato","Spain"
"Roesler","Germany"
"Roissy","France"
"Roland Berger","Germany"
"Roland Koch","Germany"
"Rolls-Royce","UK"
"Rom","Italy"
"Roma","Italy"
"Romania","Romania"
"Romanian","Romania"
"Romano Prodi","Italy"
"Rome","Italy"
"Romney","USA"
"Rosenbauer","Austria"
"Rosneft","Russia"
"Rossi","Italy"
"Rostock","Germany"
"Rot-Gruen","Germany"
"Rotterdam","Netherlands"
"Rouen","France"
"Roumanie","Romania"
"Royal Bank of Scotland","UK"
"Royal Dutch Shell","UK"
"Royal Mail","UK"
"Royaume-Uni","UK"
"Rudolf Hundstorfer","Austria"
"Ruesselsheim","Germany"
"Ruettgers","Germany"
"Ruhr","Germany"
"Ruhrgas","Germany"
"Ruhrgebiet","Germany"
"Rumaenien","Romania"
"Rumanía","Romania"
"Rumänen","Romania"
"Rumänien","Romania"
"Rumäniens","Romania"
"Rupert Murdoch","USA"
"Rusia","Russia"
"Russen","Russia"
"Russes","Russia"
"Russia","Russia"
"Russian","Russia"
"Russians","Russia"
"Russie","Russia"
"Russland","Russia"
"Russlands","Russia"
"Rutelli","Italy"
"Ruth Berschens","Germany"
"Rwanda","Rwanda"
"Ryanair","Ireland"
"Région Ile-de-France","France"
"Régions de France","France"
"République tchèque","Czechia"
"Réseau Ferré de France","France"
"Réserve fédérale","USA"
"Réserve fédérale américaine","USA"
"S & P","USA"
"S P","USA"
"S&P","USA"
"S&T","Austria"
"SABMiller","UK"
"SAP","Germany"
"SBO","Austria"
"SCOR","France"
"SDax","Germany"
"SEC","USA"
"SEPI","Spain"
"SEZ","Switzerland"
"SFO","UK"
"SNB","Switzerland"
"SNCF","France"
"SNCM","France"
"SNP","UK"
"SNPL Air France","France"
"SPD","Germany"
"SPD-Bundestagsfraktion","Germany"
"SPD-Chef","Germany"
"SPD-Fraktion","Germany"
"SPD-Politiker","Germany"
"SPÖ","Austria"
"SSII","France"
"STMicroelectronics","Switzerland"
"SVA","Austria"
"Saab","Sweden"
"Saarbrücken","Germany"
"Saarland","Germany"
"Sabadell","Spain"
"Sacconi","Italy"
"Sace","Italy"
"Sachsen","Germany"
"Sachsen-Anhalt","Germany"
"Sacyr","Spain"
"Sacyr Vallehermoso","Spain"
"Saddam","Western Asia"
"Saddam Hussein","Iraq"
"Safeway","USA"
"Safran","France"
"Sainsbury","UK"
"Saint-Etienne","France"
"Saint-Gobain","France"
"Saint-Gobain Distribution Bâtiment France","France"
"Saint-Nazaire","France"
"Saint-Pétersbourg","Russia"
"Saipem","Italy"
"Salamanca","Spain"
"Salerno","Italy"
"Salini","Italy"
"Salonicco","Greece"
"Salvini","Italy"
"Salzburg","Austria"
"Salzburg AG","Austria"
"Salzburger","Austria"
"Salzburgs","Austria"
"Salzgitter","Germany"
"Samsung","South Korea"
"San Francisco","USA"
"San Paolo","Brazil"
"San Pietroburgo","Russia"
"Sanochemia","Austria"
"Sanofi","France"
"Sanofi-Aventis","France"
"Sant Andreu","Spain"
"Sant Martí","Spain"
"Santa Coloma de Gramenet","Spain"
"Santa Cruz de Tenerife","Spain"
"Santander","Spain"
"Santé publique France","France"
"Saragozza","Spain"
"Sardegna","Italy"
"Sareb","Spain"
"Sarkozy","France"
"Sarrià-Sant Gervasi","Spain"
"Saudi","Saudi Arabia"
"Saudi Arabia","Saudi Arabia"
"Saudi-Arabien","Saudi Arabia"
"Saudis","Saudi Arabia"
"Savills","UK"
"Savona","Italy"
"Sberbank","Russia"
"Scajola","Italy"
"Scala","Italy"
"Scandinavian","Northern Europe"
"Scania","Sweden"
"Sceaux","France"
"Schaefer","Germany"
"Schaeffler","Germany"
"Schaeuble","Germany"
"Schaeubles","Germany"
"Schalke","Germany"
"Schanghai","China"
"Scharinger","Austria"
"Scharon","Israel"
"Schelling","Austria"
"Schenker","Germany"
"Schering","Germany"
"Schladming","Austria"
"Schlecker","Germany"
"Schleswig-Holstein","Germany"
"Schlumberger","France"
"Schmidt","Germany"
"Schneider","Germany"
"Schneider","France"
"Schneider Electric","France"
"Scholz","Germany"
"Schottland","UK"
"Schroders","UK"
"Schroeder","Germany"
"Schroeders","Germany"
"Schulz","Germany"
"Schumacher","Germany"
"Schwaben","Germany"
"Schwarzen Meer","Eastern Europe"
"Schwaz","Austria"
"Schwechat","Austria"
"Schweden","Sweden"
"Schweiz","Switzerland"
"Schweizer Grossbank","Switzerland"
"Schwellenlaendern","World"
"Sciences po","France"
"Scotland","UK"
"Scots","UK"
"Scottish","UK"
"Scozia","UK"
"Seat","Spain"
"Seattle","USA"
"Seehofer","Germany"
"Seine","France"
"Seine-Saint-Denis","France"
"Seine-et-Marne","France"
"Sel","Italy"
"Semperit","Austria"
"Senate","USA"
"Sener","Spain"
"Seoul","South Korea"
"Sepla","Spain"
"Serbia","Serbia"
"Serbien","Serbia"
"Serbiens","Serbia"
"Serco","UK"
"Sergio Marchionne","Italy"
"Sergio Mattarella","Italy"
"Serie A","Italy"
"Seul","South Korea"
"Sevilla","Spain"
"Sezioni unite","Italy"
"Sgr","Italy"
"Shakespeare","UK"
"Shanghai","China"
"Sharp","Japan"
"Sheffield","UK"
"Shell","UK"
"Shenzhen","China"
"Shinzo Abe","Japan"
"Sicilia","Italy"
"Siegen","Germany"
"Siemens","Germany"
"Siemens Energy","Germany"
"Siemens Gamesa","Spain"
"Siemens Österreich","Austria"
"Siena","Italy"
"Sigmar Gabriel","Germany"
"Silicon Valley","USA"
"Silvio Berlusconi","Italy"
"Simbabwe","Zimbabwe"
"Simest","Italy"
"Singapore","Singapore"
"Singapour","Singapore"
"Singapur","Singapore"
"Singh","India"
"Siniscalco","Italy"
"Sinn Fein","Ireland"
"Sipp","UK"
"Siracusa","Italy"
"Siria","Syria"
"Sismi","Italy"
"Siviglia","Spain"
"Sixt","Germany"
"Skoda","Sweden"
"Sky Italia","Italy"
"Skype","USA"
"Slovacchia","Slovakia"
"Slovakia","Slovakia"
"Slovaquie","Slovakia"
"Slovenia","Slovenia"
"Slovénie","Slovenia"
"Slowakei","Slovakia"
"Slowenien","Slovenia"
"Sloweniens","Slovenia"
"Snam","Italy"
"Snecma","France"
"SocGen","France"
"Social Democrats","Germany"
"Société Générale","France"
"Sodexo","France"
"Soeder","Germany"
"Sofia","Bulgaria"
"SoftBank","Japan"
"Softbank","Japan"
"Sofía","Bulgaria"
"Sogecable","Spain"
"Sol Meliá","Spain"
"Solarworld","Germany"
"Solbes","Spain"
"Sole","Italy"
"Sole 24 Ore","Italy"
"Sole-24 Ore","Italy"
"Solingen","Germany"
"Sony","Japan"
"Sony Music France","France"
"Soria","Spain"
"Sotheby s","UK"
"Sotheby'","USA"
"Sotheby's","USA"
"Sotschi","Russia"
"South Africa","South Africa"
"South African","South Africa"
"South America","South America"
"South Carolina","USA"
"South Korea","South Korea"
"South Korean","South Korea"
"Sowjetunion","Eastern Europe"
"Spa","Italy"
"Spagna","Spain"
"Spahn","Germany"
"Spain","Spain"
"Spanair","Spain"
"Spanien","Spain"
"Spaniens","Spain"
"Spanier","Spain"
"Spanish","Spain"
"Spar","Austria"
"Sparkassen-Finanzgruppe","Germany"
"Spd","Germany"
"Sports Direct","UK"
"Spotify","Sweden"
"Springer","Germany"
"Sprint","USA"
"Squinzi","Italy"
"Sri Lanka","Sri Lanka"
"Srl","Italy"
"Ssn","Italy"
"St Petersburg","Russia"
"St. Petersburg","Russia"
"St. Pölten","Austria"
"Stada","Germany"
"Stade de France","France"
"Stadt Wien","Austria"
"StanChart","Hong Kong"
"Standard & Poor's","USA"
"Standard Chartered","UK"
"Standard Life","UK"
"Standard Poor s","USA"
"Standard Poor'","USA"
"Stanford","USA"
"Starbucks","USA"
"Stati Uniti","USA"
"Statistik Austria","Austria"
"Statistische Bundesamt","Germany"
"Stato italiani","Italy"
"Stato italiano","Italy"
"Stefan Pierer","Austria"
"Stegersbach","Austria"
"Steiermark","Austria"
"Steinbrueck","Germany"
"Steinbruecks","Germany"
"Steinmeier","Germany"
"Steirer","Austria"
"Stellantis","Italy"
"Stepic","Austria"
"Sterling","UK"
"Stettino","Poland"
"Steve Jobs","USA"
"Steyr","Austria"
"Stoccarda","Germany"
"Stoccolma","Sweden"
"Stockholm","Sweden"
"Stoiber","Germany"
"Stotz","Germany"
"Strabag","Austria"
"Strasbourg","France"
"Strasburgo","France"
"Strassburg","France"
"Stronach","Austria"
"Struck","Germany"
"Stuttgart","Germany"
"Stéphane Richard","France"
"Sud America","South America"
"Sudafrica","South Africa"
"Sudamerica","South America"
"Sudan","Sudan"
"Sudáfrica","South Africa"
"Suecia","Sweden"
"Suedafrika","South Africa"
"Suedamerika","South America"
"Suedkorea","South Korea"
"Suedostasien","South-eastern Asia"
"Suez","Egypt"
"Suez-Gaz de France","France"
"Suisse","Switzerland"
"Suiza","Switzerland"
"Suprema Corte","Italy"
"Supreme Court","USA"
"Surrey","UK"
"Suède","Sweden"
"Svezia","Sweden"
"Sviluppo Italia","Italy"
"Svizzera","Switzerland"
"Swarovski","Austria"
"Sweden","Sweden"
"Swedish","Sweden"
"Swiss","Switzerland"
"Swiss Life France","France"
"Swiss Re","Switzerland"
"Swisscom","Switzerland"
"Switzerland","Switzerland"
"Sydney","Australia"
"Syndicat des transports d'Ile-de-France","France"
"Syria","Syria"
"Syrian","Syria"
"Syrie","Syria"
"Syrien","Syria"
"Syriens","Syria"
"Sánchez","Spain"
"São Paulo","Brazil"
"Sécurité sociale","France"
"Ségolène Royal","France"
"Séoul","South Korea"
"Südafrika","South Africa"
"Südamerika","South America"
"Südkorea","South Korea"
"Südostasien","Asia"
"Südtirol","South Korea"
"Südtiroler","Austria"
"T-Mobile","Germany"
"T-Online","Germany"
"T-Systems","Germany"
"TA","Austria"
"TER","France"
"TF1","France"
"TJUE","EU"
"TPG","USA"
"TPI","World"
"TSMC","Eastern Asia"
"TU Wien","Austria"
"TUI","Germany"
"TUI France","France"
"TVE","Spain"
"Tagesspiegel","Germany"
"Tailandia","Thailand"
"Taipei","Eastern Asia"
"Taiwan","Eastern Asia"
"Taiwanese","Eastern Asia"
"Taiwán","Eastern Asia"
"Talgo","Spain"
"Taliban","Afghanistan"
"Tallin","Estonia"
"Tallinn","Estonia"
"Tanzania","Tanzania"
"Tar","Italy"
"Tar Lazio","Italy"
"Taranto","Italy"
"Tarragona","Spain"
"Tasi","Italy"
"Tata","India"
"Tate","UK"
"Taïwan","Eastern Asia"
"Tchibo","Germany"
"Tchèque","Czechia"
"TecDax","Germany"
"Technip","France"
"Teheran","Iran"
"Tehran","Iran"
"Tel Aviv","Israel"
"Telco","Italy"
"Telde","Spain"
"Telecinco","Spain"
"Telecom Italia","Italy"
"Telefónica","Spain"
"Telefónica Móviles","Spain"
"Telekom","Germany"
"Telekom Austria","Austria"
"Telepizza","Spain"
"Telxius","Spain"
"Tencent","China"
"Tenerife","Spain"
"Teresa Ribera","Spain"
"Terium","Netherlands"
"Terna","Italy"
"Terni","Italy"
"Terrassa","Spain"
"Tesalónica","Greece"
"Tesco","UK"
"Tesla","USA"
"Texas","USA"
"Tfr","Italy"
"Thai","Thailand"
"Thailand","Thailand"
"Thailandia","Thailand"
"Thaksin","Thailand"
"Thales","France"
"Thatcher","UK"
"Thaïlande","Thailand"
"The Bank of England","UK"
"The European Central Bank","EU"
"The European Commission","EU"
"The European Union","EU"
"The Financial Times","UK"
"The Hague","Netherlands"
"The New York Times","USA"
"The White House","USA"
"Theresa May","UK"
"Thessaloniki","Greece"
"Thierry Breton","France"
"Thomas Cook","UK"
"Thomas Cook France","France"
"Thomas de Maizière","Germany"
"Thomson Reuters","UK"
"Thueringen","Germany"
"Thyssen-Krupp","Germany"
"ThyssenKrupp","Germany"
"TikTok","China"
"Tiktok","China"
"Tim","Italy"
"Time","USA"
"Time Warner","USA"
"Times","UK"
"Timisoara","Romania"
"Tirol","Austria"
"Tiroler","Austria"
"Tirols","Austria"
"Tirrenia","Italy"
"Tiscali","Italy"
"Tiscali France","France"
"Tokio","Japan"
"Tokyo","Japan"
"Toledo","Spain"
"Tolosa","France"
"Tommaso Padoa-Schioppa","Italy"
"Tony Blair","UK"
"Topix","Japan"
"Tories","UK"
"Torino","Italy"
"Torino-Lione","Italy"
"Toronto","Canada"
"Torrejón de Ardoz","Spain"
"Torrevieja","Spain"
"Tory","UK"
"Toscana","Italy"
"Toshiba","Japan"
"Total","France"
"Toulon","France"
"Toulouse","France"
"Tours","France"
"Toyota","Japan"
"Transat France","France"
"Transavia France","France"
"Transdev","France"
"Traun","Austria"
"Treichl","Austria"
"Tremblay-en-France","France"
"Tremonti","Italy"
"Trenitalia","Italy"
"Trentino","Italy"
"Trento","Italy"
"Treviso","Italy"
"Tribunal Constitucional","Spain"
"Trichet","France"
"Trichet","EU"
"Trier","Germany"
"Triest","Italy"
"Trieste","Italy"
"Tripoli","Libya"
"Trump","USA"
"Trumps","USA"
"Trésor","France"
"Trésor américain","USA"
"Trésor britannique","UK"
"Tschechen","Czechia"
"Tschechien","Czechia"
"Tschechiens","Czechia"
"Tschechische Republik","Czechia"
"Tsipras","Greece"
"Tubacex","Spain"
"Tube","UK"
"Tuerkei","Türkiye"
"Tui","Germany"
"Tulln","Austria"
"Tunesien","Tunisia"
"Tunisia","Tunisia"
"Tunisie","Tunisia"
"Turchia","Türkiye"
"Turin","Italy"
"Turkey","Türkiye"
"Turkish","Türkiye"
"Turner","USA"
"Turquie","Türkiye"
"Turquía","Türkiye"
"Turín","Italy"
"Twitter","USA"
"Técnicas Reunidas","Spain"
"Téhéran","Iran"
"Télécom","France"
"Túnez","Tunisia"
"Türkei","Türkiye"
"UAE","UAE"
"UBM","Austria"
"UBS","Switzerland"
"UBS France","France"
"UDF","France"
"UDI","France"
"UE","EU"
"UGT","Spain"
"UIAG","Austria"
"UIMM","France"
"UK","UK"
"UMP","France"
"UN","World"
"UPS","USA"
"US","USA"
"US Treasuries","USA"
"US Treasury","USA"
"US-","USA"
"US-Aktien","USA"
"US-Bank","USA"
"US-Banken","USA"
"US-Behoerden","USA"
"US-Boersen","USA"
"US-Boersenaufsicht","USA"
"US-Börsen","USA"
"US-Investmentbank","USA"
"US-Justizministerium","USA"
"US-Konzern","USA"
"US-Konzerns","USA"
"US-Notenbank","USA"
"US-Praesident","USA"
"US-Praesidenten","USA"
"US-Präsident","USA"
"US-Regierung","USA"
"US-Soldaten","USA"
"US-Staatsanleihen","USA"
"US-Tochter","USA"
"US-Truppen","USA"
"US-Waehrung","USA"
"US-Wirtschaft","USA"
"USA","USA"
"Uber","USA"
"Ubi","Italy"
"Ubi Banca","Italy"
"Ubisoft","France"
"Ubs","Switzerland"
"Ucraina","Ukraine"
"Ucrania","Ukraine"
"Udc","Italy"
"Udine","Italy"
"Ue","EU"
"Uganda","Uganda"
"Uil","Italy"
"Uilm","Italy"
"Ukip","UK"
"Ukraine","Ukraine"
"Ukrainian","Ukraine"
"Ukrainians","Ukraine"
"Ulivo","Italy"
"Ulla Schmidt","Germany"
"Ulm","Germany"
"Umberto Bossi","Italy"
"Umbria","Italy"
"Unedic","France"
"Unef","France"
"Unesa","Spain"
"Unesco","World"
"Unespa","Spain"
"Ungarn","Hungary"
"Ungarns","Hungary"
"Ungheria","Hungary"
"UniCredit","Italy"
"Unicaja","Spain"
"Unicredit","Italy"
"Unidas Podemos","Spain"
"Unilever","UK"
"Union Investment","Germany"
"Union européenne","EU"
"Unioncamere","Italy"
"Unione","Italy"
"Unione Europea","EU"
"Unione europea","EU"
"Uniper","Germany"
"Unipol","Italy"
"Uniqa","Austria"
"Unite","UK"
"United Internet","Germany"
"United Nations","World"
"Universal Music France","France"
"Università Bocconi","Italy"
"Universität Wien","Austria"
"Unión Europea","EU"
"Unión Fenosa","Spain"
"Uno","World"
"Uno-Sicherheitsrat","World"
"Unsa","France"
"Unterhaus","UK"
"Unédic","France"
"Urssaf","France"
"Ursula von der Leyen","Germany"
"Uruguay","Uruguay"
"Usa","USA"
"Usera","Spain"
"Utrecht","Netherlands"
"VA Tech","Austria"
"VDA","Germany"
"VDMA","Germany"
"VIG","Austria"
"VKI","Austria"
"VTB","Russia"
"VTC","France"
"VW","Germany"
"VW-Chef","Germany"
"VW-Konzern","Germany"
"VW-Tochter","Germany"
"Val-de-Marne","France"
"Vale","Brazil"
"Valencia","Spain"
"Valeo","France"
"Valladolid","Spain"
"Valle d'Aosta","Italy"
"Vallourec","France"
"Valérie Pécresse","France"
"Varese","Italy"
"Varna","Bulgaria"
"Varsavia","Poland"
"Varsovia","Poland"
"Varsovie","Poland"
"Vattenfall","Sweden"
"Vecchio","Europe"
"Vecchio Continente","Europe"
"Veltroni","Italy"
"Vendola","Italy"
"Vendée","France"
"Venedig","Italy"
"Veneto","Italy"
"Veneto Banca","Italy"
"Venezia","Italy"
"Venezuela","Venezuela"
"Venezuelan","Venezuela"
"Venice","Italy"
"Venise","Italy"
"Ventotto","Italy"
"Veolia","France"
"Verdi","Germany"
"Vereinigten Arabischen Emirate","UAE"
"Vereinigten Staaten","USA"
"Vereinten Nationen","World"
"Verfassungsgerichtshof","Austria"
"Verizon","USA"
"Verizon Wireless","USA"
"Verona","Italy"
"Versailles","France"
"Via Nazionale","Italy"
"Viacom","USA"
"Vicenza","Italy"
"Victorian","UK"
"Viejo Continente","Europe"
"Viena","Austria"
"Vienna","Austria"
"Vienna Insurance Group","Austria"
"Vienne","Austria"
"Vietnam","Vietnam"
"Vigilanza","Italy"
"Vigo","Spain"
"Villach","Austria"
"Villacher","Austria"
"Villaverde","Spain"
"Villes de France","France"
"Vilnius","Lithuania"
"Viminale","Italy"
"Vince Cable","UK"
"Vincent Bolloré","France"
"Vincenzo Boccia","Italy"
"Vincenzo Visco","Italy"
"Vinci","France"
"Virgin","UK"
"Virginia","USA"
"Visa","USA"
"Visco","Italy"
"Vitoria","Spain"
"Vivendi","France"
"Vivendi Universal","France"
"Vizcaya","Spain"
"Vladimir Poutine","Russia"
"Vladimir Putin","Russia"
"Vodafone","UK"
"Vodafone España","Spain"
"Voest","Austria"
"Voestalpine","Austria"
"Voies Navigables de France","France"
"Volker Kauder","Germany"
"Volksrepublik","China"
"Volkswagen","Germany"
"Volkswagen-Konzern","Germany"
"Volvo","Sweden"
"Vonovia","Germany"
"Vorarlberg","Austria"
"Vorarlberger","Austria"
"Vorarlbergs","Austria"
"Vosges","France"
"Vox","Spain"
"Vueling","Spain"
"Vw","Germany"
"WHO","World"
"WKO","Austria"
"WKÖ","Austria"
"WPP","UK"
"WTO","World"
"WWF France","France"
"Waehrungshueter","EU"
"Wal-Mart","USA"
"Waldviertel","Austria"
"Waldviertler","Austria"
"Wales","UK"
"Wall Street","USA"
"Walmart","USA"
"Walt Disney","USA"
"Walter Veltroni","Italy"
"Wandsbek","Germany"
"Warren Buffett","USA"
"Warsaw","Poland"
"Warschau","Poland"
"Washington","USA"
"Washington DC","USA"
"Washington Post","USA"
"Washingtons","USA"
"Watson","USA"
"WeWork","USA"
"Weidmann","Germany"
"Weinviertel","Austria"
"Weiss","Germany"
"Weisse Haus","USA"
"Weissen Haus","USA"
"Weissrussland","Belarus"
"Weißrussland","Belarus"
"Wells","UK"
"Wells Fargo","USA"
"Wels","Austria"
"Welsh","UK"
"Weltbank","World"
"Welthandelsorganisation","World"
"Wendel","France"
"Werner Faymann","Austria"
"WestLB","Germany"
"Westbahn","Austria"
"Westdeutschland","Germany"
"Westerwelle","Germany"
"Westminster","UK"
"WhatsApp","USA"
"Whirlpool France","France"
"Whitbread","UK"
"White House","USA"
"Whitehall","UK"
"Wiedeking","Germany"
"Wien","Austria"
"Wiener Börse","Austria"
"Wiener Innenstadt","Austria"
"Wiener Neustadt","Austria"
"Wiener Städtische","Austria"
"Wiener Städtischen","Austria"
"Wienerberger","Austria"
"Wiens","Austria"
"Wiesbaden","Germany"
"Wifo","Austria"
"Wilhelm Molterer","Austria"
"Wilhelm Rasinger","Austria"
"Wilmersdorf","Germany"
"Wind","Italy"
"Windows","USA"
"Winterkorn","Germany"
"Wintershall","Germany"
"Wirecard","Germany"
"Wirtschafts-Blatt","Austria"
"WirtschaftsBlatt","Austria"
"Wirtschaftskammer","Austria"
"Wirtschaftskammer Wien","Austria"
"Wirtschaftskammer Österreich","Austria"
"Wirtschaftsuniversität Wien","Austria"
"Wisconsin","USA"
"Witten","Germany"
"Wladimir Putin","Russia"
"Wolfgang Clement","Germany"
"Wolfgang Eder","Austria"
"Wolfgang Ruttenstorfer","Austria"
"Wolfgang Schaeuble","Germany"
"Wolfgang Schüssel","Austria"
"Wolford","Austria"
"Wolfsburg","Germany"
"Wolfsburger","Germany"
"Woodford","UK"
"Woolworths","USA"
"World Bank","World"
"WorldCom","USA"
"Wroclaw","Poland"
"Wto","World"
"Wulff","Germany"
"Wuppertal","Germany"
"Wörgl","Austria"
"Würzburg","Germany"
"Xavier Bertrand","France"
"Xavier Niel","France"
"Xi","China"
"Xi Jinping","China"
"Xinjiang","China"
"Xstrata","Switzerland"
"Xunta","Spain"
"YPF","Argentina"
"Yahoo","USA"
"Yahoo!","USA"
"Yemen","Yemen"
"Yorkshire","UK"
"YouTube","USA"
"Yukos","Russia"
"Yvelines","France"
"ZDF","Germany"
"ZEW","Germany"
"ZF","Germany"
"Zagabria","Croatia"
"Zagreb","Croatia"
"Zalando","Germany"
"Zapatero","Spain"
"Zara","Spain"
"Zaragoza","Spain"
"Zell am See","Austria"
"Zeltia","Spain"
"Zetsche","Germany"
"Zimbabwe","Zimbabwe"
"Zuckerberg","USA"
"Zuerich","Switzerland"
"Zuma","South Africa"
"Zumtobel","Austria"
"Zurich","Switzerland"
"Zurigo","Switzerland"
"Zypern","Cyprus"
"Zypries","Germany"
"Zürich","Switzerland"
"al-Qaida","Western Asia"
"aws","Austria"
"bpifrance","France"
"britanniques","UK"
"congress","USA"
"conseil régional d'Ile-de-France","France"
"d'Ile-de-France","France"
"de France","France"
"de France 2","France"
"de France 3","France"
"de France Invest","France"
"de France Télévisions","France"
"de Valencia","Spain"
"den Niederlanden","Netherlands"
"den USA","USA"
"der Schweiz","Switzerland"
"du Japon","Japan"
"eBay","USA"
"easyJet","UK"
"el Reino Unido","UK"
"empire du Milieu","China"
"en Estados Unidos","USA"
"euro","EU"
"franchi","Switzerland"
"golfe du Mexique","Mexico"
"grupo Volkswagen","Germany"
"iPad","USA"
"iPhone","USA"
"iPod","USA"
"l Europe","Europe"
"l'Afrique","Africa"
"l'Asie","Asia"
"l'Espagne","Spain"
"l'Europe","Europe"
"l'Italie","Italy"
"la Chine","China"
"la France","France"
"la India","India"
"la Pologne","Poland"
"le Japon","Japan"
"mer du Nord","Northern Europe"
"ministre allemand des Affaires étrangères","Germany"
"ministre allemand des Finances","Germany"
"ministre britannique des Affaires étrangères","UK"
"ministre britannique des Finances","UK"
"ministre de l'Economie","France"
"ministre de l'Economie et des Finances","France"
"ministre de la Culture","France"
"ministre des Finances allemand","Germany"
"ministre des Finances britannique","UK"
"ministre du Travail","France"
"ministère de la Culture","France"
"ministère de la Défense britannique","UK"
"ministère des Finances allemand","Germany"
"ministère du Travail","France"
"outre-Atlantique","USA"
"outre-Manche","UK"
"palazzo Chigi","Italy"
"pan-European","Europe"
"paris","France"
"plan France","France"
"post-Brexit","UK"
"président de la République","France"
"rot-gruenen","Germany"
"région Ile-de-France","France"
"serie A","Italy"
"state","USA"
"steirische","Austria"
"the Bank of England","UK"
"the Bank of Japan","Japan"
"the City of London","UK"
"the Competition Commission","UK"
"the Conservative party","UK"
"the Czech Republic","Czechia"
"the European Central Bank","EU"
"the European Commission","EU"
"the European Court of Justice","EU"
"the European Parliament","EU"
"the European Union","EU"
"the Federal Reserve","USA"
"the Financial Conduct Authority","UK"
"the Financial Services Authority","UK"
"the Financial Times","UK"
"the Gulf of Mexico","USA"
"the High Court","UK"
"the Home Office","UK"
"the House of Commons","UK"
"the House of Lords","UK"
"the House of Representatives","USA"
"the International Monetary Fund","World"
"the London Stock Exchange","UK"
"the National Health Service","UK"
"the New York Stock Exchange","USA"
"the New York Times","USA"
"the North Sea","Northern Europe"
"the Office for National Statistics","UK"
"the S P 500","USA"
"the Securities and Exchange Commission","USA"
"the Security Council","World"
"the Soviet Union","Eastern Europe"
"the Supreme Court","USA"
"the US Federal Reserve","USA"
"the US Securities and Exchange Commission","USA"
"the US Treasury","USA"
"the United Arab Emirates","UAE"
"the United Nations","World"
"the United States","USA"
"the West Bank","Israel"
"the White House","USA"
"the World Bank","World"
"the World Economic Forum","World"
"the World Trade Organisation","World"
"un","World"
"voestalpine","Austria"
"África","Africa"
"Álava","Spain"
"Álvarez","Spain"
"Ámsterdam","Netherlands"
"Ángel Ron","Spain"
"Ávila","Spain"
"Ägypten","Egypt"
"Île-de-France","France"
"ÖBB","Austria"
"ÖBB-Chef","Austria"
"ÖGB","Austria"
"ÖIAG","Austria"
"ÖVAG","Austria"
"ÖVP","Austria"
"ÖW","Austria"
"Österreich","Austria"
"Österreich Werbung","Austria"
"Österreich-Chef","Austria"
"Österreicher","Austria"
"Österreichern","Austria"
"Österreichs","Austria"
"Österreichweit","Austria"
"Ötsch","Austria"
